Date,Calories (kcal),Distance (m),Step count,Move Minutes count,Heart Points,Heart Minutes,Cycling duration (ms),Inactive duration (ms),Walking duration (ms),Running duration (ms),Aerobics duration (ms),Badminton duration (ms),Calisthenics duration (ms),Circuit training duration (ms),Elliptical duration (ms),Jogging duration (ms),Treadmill running duration (ms),Strength training duration (ms),CrossFit duration (ms),High intensity interval training duration (ms),Active Minutes,Inactive Minutes
01-06-2017,1487.210572,1043.213168,2691,,,,510983,67840326,2183665,,,,,,,,,,,,45,1131
02-06-2017,1591.538009,3384.229654,6474,,,,,70703175,5205292,,,,,,,,,,,,87,1178
03-06-2017,1633.665566,5793.499975,9088,,,,,54265228,6204146,,,,,,,,,,,,103,904
04-06-2017,1603.330288,5068.664579,7985,,,,476882,61673960,4540019,150045,,,,,,,,,,,86,1028
05-06-2017,1422.337,718.6406392,1728,,,,,73646858,1193503,,,,,,,,,,,,20,1227
06-06-2017,1393.068712,180.8345714,831,,,,,73381870,499545,,,,,,,,,,,,8,1223
07-06-2017,1378.902355,78.45022964,558,,,,,80610238,163658,,,,,,,,,,,,3,1344
08-06-2017,1459.128363,400.1743045,1328,,,,1100845,63846965,885234,,,,,,,,,,,,33,1064
09-06-2017,1407.059068,346.4793444,1247,,,,,78053694,831258,,,,,,,,,,,,14,1301
10-06-2017,1428.115537,478.779616,1506,,,,,74222331,1330513,,,,,,,,,,,,22,1237
11-06-2017,1665.274687,,8963,,,,,66922512,5625091,567672,,,,,,,,,,,103,1115
12-06-2017,1416.278531,488.3362246,1513,,,,,71363338,1049855,,,,,,,,,,,,17,1189
13-06-2017,1398.492106,308.8591671,1141,,,,,76829083,628135,,,,,,,,,,,,10,1280
14-06-2017,1371.999934,,,,,,,86400000,,,,,,,,,,,,,0,1440
15-06-2017,1409.688467,464.1180999,1153,,,,,69737206,893603,,,,,,,,,,,,15,1162
16-06-2017,1522.150714,1914.434921,4057,,,,492935,74850654,3031459,,,,,,,,,,,,59,1248
17-06-2017,1396.544688,297.2819958,948,,,,,74238359,581961,,,,,,,,,,,,10,1237
18-06-2017,1416.855369,478.1485496,1017,,,,,78236132,1063531,,,,,,,,,,,,18,1304
19-06-2017,1420.949394,763.1454845,1480,,,,,74677937,1160603,,,,,,,,,,,,19,1245
20-06-2017,1504.576165,1002.89943,3012,,,,669524,76579850,2425381,,,,,,,,,,,,52,1276
21-06-2017,1402.704548,479.0134249,1456,,,,,61752812,728012,,,,,,,,,,,,12,1029
22-06-2017,1404.612788,255.1176739,924,,,,,67998216,773258,,,,,,,,,,,,13,1133
23-06-2017,1384.523243,148.0823445,575,,,,,80478912,296930,,,,,,,,,,,,5,1341
24-06-2017,1584.206088,2466.355781,5018,,,,,56046234,5031451,,,,,,,,,,,,84,934
25-06-2017,1412.251754,330.8120584,847,,,,,73765564,954378,,,,,,,,,,,,16,1229
26-06-2017,1378.900518,53.74149513,456,,,,,84461730,163614,,,,,,,,,,,,3,1408
27-06-2017,1527.22149,2821.089749,4914,,,,,73711594,3680335,,,,,,,,,,,,61,1229
28-06-2017,1407.152855,331.0970292,999,,,,,74148902,833482,,,,,,,,,,,,14,1236
29-06-2017,1432.298562,770.1126599,1534,,,,,50281928,1429693,,,,,,,,,,,,24,838
30-06-2017,1531.620682,2942.733886,4752,,,,,54862288,3728544,,,,,,,,,,,,62,914
01-07-2017,1618.914586,4253.434584,6818,,,,,51830680,4285804,606788,,,,,,,,,,,82,864
02-07-2017,1590.969159,4090.434064,6635,,,,,68793445,3773874,490824,,,,,,,,,,,71,1147
03-07-2017,1405.212927,461.6714251,1292,,,,,72700225,787485,,,,,,,,,,,,13,1212
04-07-2017,1596.765972,3939.471871,6410,,,,575459,73078449,3760057,334832,,,,,,,,,,,78,1218
05-07-2017,1536.926081,3505.463087,5446,,,,,58119946,3910432,,,,,,,,,,,,65,969
06-07-2017,1610.279682,4025.021378,6946,,,,,64308537,5649663,,,,,,,,,,,,94,1072
07-07-2017,1617.861453,2452.564798,5957,,,,313557,55645094,5493153,,,,,,,,,,,,97,927
08-07-2017,1525.135993,1145.16655,2672,,,,1311232,61793184,2224660,,,,,,,,,,,,59,1030
09-07-2017,1539.440718,3069.954376,5268,,,,,65128634,3970055,,,,,,,,,,,,66,1085
10-07-2017,1417.010571,260.6771337,1433,,,,,76995109,1067211,,,,,,,,,,,,18,1283
11-07-2017,1634.363467,2473.104734,5107,,,,1181439,71631364,4953662,,,,,,,,,,,,102,1194
12-07-2017,1485.530089,1651.231958,3674,,,,,70351311,2691823,,,,,,,,,,,,45,1173
13-07-2017,1457.879272,1430.413779,3031,,,,,70466873,2036217,,,,,,,,,,,,34,1174
14-07-2017,1562.1717,3866.031177,6786,,,,,64354265,4444240,,,,,,,,,,,,74,1073
15-07-2017,1739.922147,3412.867187,7328,,,,3523755,54488026,4944469,,,,,,,,,,,,141,908
16-07-2017,1540.036667,2581.941972,5048,,,,,71788519,3984186,,,,,,,,,,,,66,1196
17-07-2017,1464.173075,769.8216902,2513,,,,,64968411,2185445,,,,,,,,,,,,36,1083
18-07-2017,1425.774703,643.7099252,1937,,,,,72853215,1275011,,,,,,,,,,,,21,1214
19-07-2017,1451.998281,1142.301384,2868,,,,,76244509,1896777,,,,,,,,,,,,32,1271
20-07-2017,1511.500244,1815.028421,4082,,,,543913,76594424,2724262,,,,,,,,,,,,54,1277
21-07-2017,1478.273771,1897.455864,3397,,,,,73512750,2519774,,,,,,,,,,,,42,1225
22-07-2017,1482.407817,1692.259649,3030,,,,,77256381,2617794,,,,,,,,,,,,44,1288
23-07-2017,1585.714494,3786.98166,6396,,,,,70858881,5067216,,,,,,,,,,,,84,1181
24-07-2017,1433.053852,599.3501201,2223,,,,,78986330,1447600,,,,,,,,,,,,24,1316
25-07-2017,1589.860439,3297.209386,5957,,,,,61106671,4557380,180393,,,,,,,,,,,79,1018
26-07-2017,1452.922346,1045.950286,2292,,,,,69246122,1918687,,,,,,,,,,,,32,1154
27-07-2017,1572.573291,3519.238022,6730,,,,,73349610,4755635,,,,,,,,,,,,79,1222
28-07-2017,1544.185669,2717.52223,5086,,,,,41626630,4082559,,,,,,,,,,,,68,694
29-07-2017,1467.760439,1271.863474,2829,,,,,61814814,2270501,,,,,,,,,,,,38,1030
30-07-2017,1464.785274,4167.413741,1588,,,,582771,45963429,1375644,,,,,,,,,,,,33,766
31-07-2017,1546.121172,2496.57382,5717,,,,,72850528,4128450,,,,,,,,,,,,69,1214
01-08-2017,1611.89459,4205.825215,8868,,,,,70202950,5687952,,,,,,,,,,,,95,1170
02-08-2017,1704.250193,5117.968546,9903,,,,,70310192,7877722,,,,,,,,,,,,131,1172
03-08-2017,1461.360403,1232.085406,3673,,,,,72958966,2118754,,,,,,,,,,,,35,1216
04-08-2017,1542.348815,3449.569295,6607,,,,,72688137,4039008,,,,,,,,,,,,67,1211
05-08-2017,1809.464807,8147.095398,14081,,,,,68835245,10151764,94270,,,,,,,,,,,171,1147
06-08-2017,1523.004858,2086.734134,4763,,,,,72515293,3580360,,,,,,,,,,,,60,1209
07-08-2017,1634.752167,3928.112932,8180,,,,,74840274,6229910,,,,,,,,,,,,104,1247
08-08-2017,1714.492036,6479.060263,11060,,,,,76658935,8120559,,,,,,,,,,,,135,1278
09-08-2017,1565.00076,2913.41147,6304,,,,,76082915,4576090,,,,,,,,,,,,76,1268
10-08-2017,1580.568262,3589.254566,7335,,,,,77888141,4945198,,,,,,,,,,,,82,1298
11-08-2017,1539.863047,2561.827702,5225,,,,,73351374,3980068,,,,,,,,,,,,66,1223
12-08-2017,1754.48979,7726.766653,12590,,,,,61807348,9068914,,,,,,,,,,,,151,1030
13-08-2017,1422.295642,953.2261372,1793,,,,,71988878,1192521,,,,,,,,,,,,20,1200
14-08-2017,1588.587275,2873.610382,5997,,,,,74132451,5135331,,,,,,,,,,,,86,1236
15-08-2017,1621.766333,4980.405474,8983,,,,,76162403,5922013,,,,,,,,,,,,99,1269
16-08-2017,1632.239302,4742.500842,8923,,,,,73955818,6170085,,,,,,,,,,,,103,1233
17-08-2017,1670.736841,5046.577593,9878,,,,,70642714,7083115,,,,,,,,,,,,118,1177
18-08-2017,1649.441236,3181.072558,7076,,,,,72103164,6578190,,,,,,,,,,,,110,1202
19-08-2017,1572.208526,3749.415202,6566,,,,,73537496,4746987,,,,,,,,,,,,79,1226
20-08-2017,1688.151581,6262.654936,10779,,,,,74559060,7496021,,,,,,,,,,,,125,1243
21-08-2017,1623.885441,4230.691315,7807,,,,,74639305,5972257,,,,,,,,,,,,100,1244
22-08-2017,1775.620573,7046.088859,13157,,,,,68626869,9569929,,,,,,,,,,,,159,1144
23-08-2017,1658.483295,4981.224293,9828,,,,,78982046,6792580,,,,,,,,,,,,113,1316
24-08-2017,1567.540654,3363.602124,6978,,,,,77288240,4636311,,,,,,,,,,,,77,1288
25-08-2017,1493.014258,2142.825906,3823,,,,,80395379,2869275,,,,,,,,,,,,48,1340
26-08-2017,1410.534214,707.1258448,1679,,,,,79817247,913656,,,,,,,,,,,,15,1330
27-08-2017,1608.001981,4451.974132,7398,,,,,73770434,5595657,,,,,,,,,,,,93,1230
28-08-2017,1579.234115,4005.108282,8357,,,,,73527394,4913566,,,,,,,,,,,,82,1225
29-08-2017,1612.575479,4193.680815,8259,,,,,66119698,5704096,,,,,,,,,,,,95,1102
30-08-2017,1610.736749,4160.188972,8117,,,,,76044127,5660498,,,,,,,,,,,,94,1267
31-08-2017,1636.461452,3957.466338,7756,,,,,69866019,6270438,,,,,,,,,,,,105,1164
01-09-2017,1707.565619,6495.951452,8358,,,,1075488,27301845,6600269,,,,,,,,,,,,128,455
02-09-2017,1583.062787,2999.997386,5248,,,,,63719165,5004345,,,,,,,,,,,,83,1062
03-09-2017,1518.463382,2112.102035,4118,,,,,22804111,3472678,,,,,,,,,,,,58,380
04-09-2017,1587.312149,2914.201446,6958,,,,,66437367,5398343,,,,,,,,,,,,90,1107
05-09-2017,1556.30389,3951.623787,7836,,,,,73298056,5070046,,,,,,,,,,,,85,1222
06-09-2017,1533.253341,3102.776704,6673,,,,,80998070,4498017,,,,,,,,,,,,75,1350
07-09-2017,1511.249107,2709.902611,5758,,,,,75052963,3951957,,,,,,,,,,,,66,1251
08-09-2017,1525.206081,3964.592471,7228,,,,,38290982,4298315,,,,,,,,,,,,72,638
09-09-2017,1455.407771,1059.658563,2892,,,,,78181181,2566187,,,,,,,,,,,,43,1303
10-09-2017,1462.908028,1658.156876,3022,,,,443841,53112348,2276043,,,,,,,,,,,,45,885
11-09-2017,1473.126363,1874.049624,4907,,,,,77455902,3005892,,,,,,,,,,,,50,1291
12-09-2017,1602.619426,4002.10674,8299,,,,,76439360,6174524,,,,,,,,,,,,103,1274
13-09-2017,1557.045228,4024.575888,7344,,,,,74993781,5088439,,,,,,,,,,,,85,1250
14-09-2017,1480.0745,2190.398433,5098,,,,,75042691,3178321,,,,,,,,,,,,53,1251
15-09-2017,1583.079827,3333.301991,6431,,,,272527,77110137,5442078,,,,,,,,,,,,95,1285
16-09-2017,1474.030496,2593.00838,4815,,,,,79749060,3028331,,,,,,,,,,,,50,1329
17-09-2017,1620.479627,4108.249796,8207,,,,,68721054,6662639,,,,,,,,,,,,111,1145
18-09-2017,1495.235425,2038.211461,4256,,,,429562,80722274,3093607,,,,,,,,,,,,59,1345
19-09-2017,1577.657152,4324.208413,8108,,,,,77499210,5599948,,,,,,,,,,,,93,1292
20-09-2017,1573.000089,4320.226975,8108,,,,,76367549,5484377,,,,,,,,,,,,91,1273
21-09-2017,1487.472338,2337.802312,4822,,,,,79012151,3361907,,,,,,,,,,,,56,1317
22-09-2017,1460.062781,1638.76701,3455,,,,,79267125,2681707,,,,,,,,,,,,45,1321
23-09-2017,1468.698626,2255.907285,4123,,,,,78331709,2893703,,,,,,,,,,,,48,1306
24-09-2017,1704.815742,5948.00688,10376,,,,,69385338,8755544,,,,,,,,,,,,146,1156
25-09-2017,1563.379821,3629.341369,6797,,,,,69818333,5245639,,,,,,,,,,,,87,1164
26-09-2017,1544.583126,2922.539078,6693,,,,,78921609,4779179,,,,,,,,,,,,80,1315
27-09-2017,1571.11556,4117.937698,8093,,,,,68303619,5437612,,,,,,,,,,,,91,1138
28-09-2017,1495.566647,2286.544176,4617,,,,,72547943,3562777,,,,,,,,,,,,59,1209
29-09-2017,1498.943189,2774.626957,5069,,,,,72063017,3646571,,,,,,,,,,,,61,1201
30-09-2017,1375.49266,384.0511868,729,,,,,84526930,583001,,,,,,,,,,,,10,1409
01-10-2017,1401.246753,1226.382602,2040,,,,,85177882,1222118,,,,,,,,,,,,20,1420
02-10-2017,1488.203249,2711.558918,4637,,,,,79551735,3367438,,,,,,,,,,,,56,1326
03-10-2017,1553.076747,3636.339921,6641,,,,,78146683,4989961,,,,,,,,,,,,83,1302
04-10-2017,1504.689188,2598.585908,5512,,,,,81350798,3789165,,,,,,,,,,,,63,1356
05-10-2017,1552.456485,4889.309674,8061,,,,,76217356,4951515,,,,,,,,,,,,83,1270
06-10-2017,1511.728628,2476.059338,5375,,,,,76164792,3963858,,,,,,,,,,,,66,1269
07-10-2017,1488.073786,2980.839804,5011,,,,,80483471,3376832,,,,,,,,,,,,56,1341
08-10-2017,1556.080817,3585.653105,5915,,,,,61948444,5064505,,,,,,,,,,,,84,1032
09-10-2017,1517.329576,4309.490035,5145,,,,396548,80098504,3634591,,,,,,,,,,,,67,1335
10-10-2017,1631.392874,4628.854297,8737,,,,,71943942,6933467,,,,,,,,,,,,116,1199
11-10-2017,1501.531211,2084.207274,4766,,,,,75531890,3710795,,,,,,,,,,,,62,1259
12-10-2017,1566.613021,4636.587976,8381,,,,,77798479,5264107,,,,,,,,,,,,88,1297
13-10-2017,1599.808594,3635.012032,7531,,,,,73400440,5401392,,,,,,,,,,,,90,1223
14-10-2017,1531.612751,2968.423653,5171,,,,,71600055,3784454,,,,,,,,,,,,63,1193
15-10-2017,1507.70261,2892.793997,5430,,,,,82007832,3217540,,,,,,,,,,,,54,1367
16-10-2017,1588.067945,3256.07382,6869,,,,,79506077,5123020,,,,,,,,,,,,85,1325
17-10-2017,1601.7301,3575.340071,6641,,,,,68093763,5446950,,,,,,,,,,,,91,1135
18-10-2017,1663.338883,5092.160216,9058,,,,,50073368,6888406,,,,,,,,,,,,115,835
19-10-2017,1426.282451,620.6970706,1671,,,,,77152050,1287051,,,,,,,,,,,,21,1286
20-10-2017,1407.857604,533.1564119,1702,,,,,61486098,850192,,,,,,,,,,,,14,1025
21-10-2017,1479.660831,1163.221447,3122,,,,,70200657,2552663,,,,,,,,,,,,43,1170
22-10-2017,1480.703887,1901.963076,3720,,,,,54099541,2577395,,,,,,,,,,,,43,902
23-10-2017,1522.877323,2616.131484,5698,,,,,74787419,3577334,,,,,,,,,,,,60,1246
24-10-2017,1644.503877,5717.363178,9127,,,,,61216628,6432617,,,,,,,,,,,,107,1020
25-10-2017,1522.747317,2195.029954,5642,,,,,77178248,3574256,,,,,,,,,,,,60,1286
26-10-2017,1584.742404,3299.357078,6584,,,,,78500678,5044170,,,,,,,,,,,,84,1308
27-10-2017,1569.090516,2157.385753,5159,,,,,77368682,4673060,,,,,,,,,,,,78,1289
28-10-2017,1456.564691,1003.507933,2273,,,,,75671892,2005048,,,,,,,,,,,,33,1261
29-10-2017,1412.698573,578.4641218,1674,,,,,83614156,964974,,,,,,,,,,,,16,1394
30-10-2017,1665.566451,5476.626028,9713,,,,,65088912,6960524,,,,,,,,,,,,116,1085
31-10-2017,1557.926939,2242.343454,5068,,,,,69719590,4408368,,,,,,,,,,,,73,1162
01-11-2017,1646.857884,5024.135992,9453,,,,,76434044,6516941,,,,,,,,,,,,109,1274
02-11-2017,1606.548569,3471.442856,6704,,,,,73467713,5561202,,,,,,,,,,,,93,1224
03-11-2017,1454.852517,1200.538582,2408,,,,,21810683,1964453,,,,,,,,,,,,33,364
04-11-2017,1381.72013,47.56431293,322,,,,,42828889,230468,,,,,,,,,,,,4,714
05-11-2017,1682.872523,3548.951653,6266,,,,,70212199,6015422,,,,,,,,,,,,100,1170
06-11-2017,1813.937479,4733.843235,8646,,,,1189249,72357308,6933760,900000,,,,,,,,,,,150,1206
07-11-2017,1642.172253,3100.504898,4316,,,,,75750556,3788362,900000,,,,,,,,,,,78,1263
08-11-2017,1711.731961,2663.233707,5828,,,,885669,76204991,7105285,,,,,,,,,,,,133,1270
09-11-2017,1632.31246,1726.038919,3745,,,,1129003,79678822,4961270,,,,,,,,,,,,102,1328
10-11-2017,1655.773309,4222.116472,8276,,,,,76897605,6728327,,,,,,,,,,,,112,1282
11-11-2017,2171.97055,9760.413666,17234,,,,,63956673,18967473,,,,,,,,,,,,316,1066
12-11-2017,1714.308763,4297.356717,7694,,,,863635,76881801,7190013,,,,,,,,,,,,134,1281
13-11-2017,1635.011845,2195.743339,5063,,,,,77963457,6236070,,,,,,,,,,,,104,1299
14-11-2017,1708.116188,2851.830674,6023,,,,,75962349,7969386,,,,,,,,,,,,133,1266
15-11-2017,1669.858293,2808.824779,6109,,,,457342,76616076,6571807,,,,,,,,,,,,117,1277
16-11-2017,1604.40915,2580.946202,5378,,,,568415,79934703,4900875,,,,,,,,,,,,91,1332
17-11-2017,1614.687764,1457.08549,3482,,,,,76929221,5754178,,,,,,,,,,,,96,1282
18-11-2017,1655.883391,4143.662549,6813,,,,,67820905,6730532,,,,,,,,,,,,112,1130
19-11-2017,1765.573929,4427.34625,8934,,,,,73556053,9331721,,,,,,,,,,,,156,1226
20-11-2017,1615.72297,2596.401381,6096,,,,,78400182,5778724,,,,,,,,,,,,96,1307
21-11-2017,1701.664657,4476.18923,8644,,,,,73551427,7816418,,,,,,,,,,,,130,1226
22-11-2017,1744.876666,8241.687964,7876,,,,1373557,74454288,7367918,,,,,,,,,,,,146,1241
23-11-2017,1580.443841,2438.412134,5001,,,,,77723049,4942248,,,,,,,,,,,,82,1295
24-11-2017,1834.776485,4553.039887,8485,,,,,73220003,9358239,689784,,,,,,,,,,,167,1220
25-11-2017,1664.860788,3419.517587,6377,,,,,75237547,6943793,,,,,,,,,,,,116,1254
26-11-2017,1831.548792,7176.548743,12720,,,,,71686540,10895997,,,,,,,,,,,,182,1195
27-11-2017,1599.774987,2232.900144,5336,,,,,79084659,5400595,,,,,,,,,,,,90,1318
28-11-2017,1738.137378,3377.809022,7167,,,,425733,76097202,8224620,,,,,,,,,,,,144,1268
29-11-2017,1839.930437,6790.146077,9464,,,,661028,73410985,10385818,,,,,,,,,,,,184,1224
30-11-2017,1547.050099,2111.186961,5059,,,,,78318866,4150480,,,,,,,,,,,,69,1305
01-12-2017,1820.232752,4537.578436,9699,,,,,71337397,10627696,,,,,,,,,,,,177,1189
02-12-2017,1772.802661,5082.858602,10043,,,,,73592645,9503118,,,,,,,,,,,,158,1227
03-12-2017,1507.484575,1678.057161,3329,,,,,76578706,3212370,,,,,,,,,,,,54,1276
04-12-2017,1799.719994,4235.199096,8692,,,,1080674,74854994,8982365,,,,,,,,,,,,168,1248
05-12-2017,1629.72939,1738.522461,5011,,,,635154,78237871,5429650,,,,,,,,,,,,101,1304
06-12-2017,1724.211244,3563.614938,7415,,,,1150568,75364246,7117082,,,,,,,,,,,,138,1256
07-12-2017,1748.805294,4351.351188,8437,,,,1130751,74832588,7721463,,,,,,,,,,,,148,1247
08-12-2017,1736.763909,3271.23268,6266,,,,,71450217,8648630,,,,,,,,,,,,144,1191
09-12-2017,1885.86779,5998.168962,10818,,,,,67724470,12367897,,,,,,,,,,,,206,1129
10-12-2017,1977.742469,7742.319683,13871,,,,,68681455,15226893,,,,,,,,,,,,254,1145
11-12-2017,1541.437986,2020.715212,4195,,,,,81237260,4524286,,,,,,,,,,,,75,1354
12-12-2017,1596.841313,2307.842793,4817,,,,396784,77121904,5457625,,,,,,,,,,,,98,1285
13-12-2017,1880.594156,3074.661083,7119,,,,966010,66521612,11807389,,,,,,,,,,,,213,1109
14-12-2017,1602.623993,2724.665736,5996,,,,,78030509,6025192,,,,,,,,,,,,100,1301
15-12-2017,1658.016399,3072.054161,6301,,,,,75142106,7383973,,,,,,,,,,,,123,1252
16-12-2017,1497.412003,2486.574362,3929,,,,,78541729,3444326,,,,,,,,,,,,57,1309
17-12-2017,1588.975787,2018.01977,4259,,,,,76674127,5690395,,,,,,,,,,,,95,1278
18-12-2017,1862.59861,3191.851801,7228,,,,4104879,71395334,7998238,,,,,,,,,,,,202,1190
19-12-2017,1542.698922,1286.336723,4413,,,,456913,79898125,4064995,,,,,,,,,,,,75,1332
20-12-2017,1601.457907,2642.098696,5673,,,,,77146143,5996585,,,,,,,,,,,,100,1286
21-12-2017,1878.262057,5472.563219,10144,,,,2872951,71970023,9704209,,,,,,,,,,,,210,1200
22-12-2017,1721.299663,4831.657937,8767,,,,775109,43931560,8104698,,,,,,,,,,,,148,732
23-12-2017,1775.086149,5350.378161,9817,,,,,67191577,10255707,,,,,,,,,,,,171,1120
24-12-2017,1416.190839,76.59707165,741,,,,565241,84131884,845508,,,,,,,,,,,,24,1402
25-12-2017,1359.580948,13.12141085,465,,,,,85415405,63314,,,,,,,,,,,,1,1424
26-12-2017,1549.604617,1730.579606,3517,,,,987646,56593995,3664963,,,,,,,,,,,,78,943
27-12-2017,1880.504706,3942.545843,10574,,,,1545996,73465691,8225170,600000,,,,,,,,,,,173,1224
28-12-2017,1723.813831,3780.639103,7323,,,,460207,71416810,8504230,,,,,,,,,,,,149,1190
29-12-2017,1455.741541,874.7611194,1837,,,,,81965241,2422144,,,,,,,,,,,,40,1366
30-12-2017,1671.245793,1899.403582,4475,,,,1028417,75973471,6605089,,,,,,,,,,,,127,1266
31-12-2017,1445.936467,1075.91784,2250,,,,,80501375,2181624,,,,,,,,,,,,36,1342
01-01-2018,1698.726972,2438.309344,5565,,,,,73572894,8382606,,,,,,,,,,,,140,1226
02-01-2018,1673.89439,4276.182145,8722,,,,584240,77185145,7146624,,,,,,,,,,,,129,1286
03-01-2018,1711.783738,4576.524169,8538,,,,393589,77123003,8280605,,,,,,,,,,,,145,1285
04-01-2018,1778.436545,4179.942235,8947,,,,452163,74900873,9852765,,,,,,,,,,,,172,1248
05-01-2018,1672.092158,2949.767005,6031,,,,882324,73781770,6782596,,,,,,,,,,,,128,1230
06-01-2018,1560.398714,3313.04035,6406,,,,,80154307,4989397,,,,,,,,,,,,83,1336
07-01-2018,1536.683406,2801.454402,5801,,,,,78803827,4407658,,,,,,,,,,,,73,1313
08-01-2018,1715.076989,5358.972758,9751,,,,,77616325,8783675,,,,,,,,,,,,146,1294
09-01-2018,1701.975185,4990.281416,8820,,,,,76195338,7351357,300000,,,,,,,,,,,128,1270
10-01-2018,1701.712732,4611.470149,8971,,,,1040990,76165484,7338961,,,,,,,,,,,,140,1269
11-01-2018,1655.099848,4969.185429,5530,,,,1751772,74777537,5432936,,,,,,,,,,,,120,1246
12-01-2018,1569.531815,2183.407842,5487,,,,,77166975,5213435,,,,,,,,,,,,87,1286
13-01-2018,1626.822177,4043.184306,7346,,,,,72828949,6618773,,,,,,,,,,,,110,1214
14-01-2018,1659.843855,1748.628237,6801,,,,,72299247,7428798,,,,,,,,,,,,124,1205
15-01-2018,1548.223093,2532.966294,4623,,,,454520,78931604,4203072,,,,,,,,,,,,78,1316
16-01-2018,1639.977735,3418.458564,7224,,,,1275005,75497744,5573517,,,,,,,,,,,,114,1258
17-01-2018,1654.667248,3510.857247,7085,,,,549461,76339182,6712294,,,,,,,,,,,,121,1272
18-01-2018,1606.725141,2473.318647,5354,,,,582363,79718557,5500968,,,,,,,,,,,,101,1329
19-01-2018,1591.394121,2113.881699,4724,,,,519880,79725332,5191933,,,,,,,,,,,,95,1329
20-01-2018,1574.987664,2752.094017,4967,,,,,79360827,5347266,,,,,,,,,,,,89,1323
21-01-2018,1916.419546,9228.567189,2322,,,,1002890,80670775,2632743,,,,,,,,,,,,61,1345
22-01-2018,1597.081394,1266.632417,3182,,,,1502020,80620284,4277696,,,,,,,,,,,,96,1344
23-01-2018,1603.094718,2374.149603,5878,,,,1093233,80442968,4863799,,,,,,,,,,,,99,1341
24-01-2018,1507.839894,2233.6182,4489,,,,,71759368,5310447,,,,,,,,,,,,89,1196
25-01-2018,1356.999983,,87,,,,,86400000,,,,,,,,,,,,,0,1440
26-01-2018,1525.515595,2718.633111,5203,,,,,78293798,4133710,,,,,,,,,,,,69,1305
27-01-2018,1863.558882,6294.349187,9824,,,,,70613457,10762177,708347,,,,,,,,,,,191,1177
28-01-2018,1714.034227,2700.912933,5540,,,,724063,72140838,7981240,,,,,,,,,,,,145,1202
29-01-2018,1742.069454,5393.442768,7774,,,,1764571,73427471,7552576,,,,,,,,,,,,155,1224
30-01-2018,1623.56284,2559.228274,6186,,,,428826,78132148,6078730,,,,,,,,,,,,108,1302
31-01-2018,1705.451649,3788.925517,7201,,,,1002300,73433338,7472186,,,,,,,,,,,,141,1224
01-02-2018,1539.4492,1348.280886,3006,,,,1909027,82063681,2427292,,,,,,,,,,,,72,1368
02-02-2018,1690.743171,3087.337414,7401,,,,1273853,48179745,6820034,,,,,,,,,,,,135,803
03-02-2018,1527.716939,1224.430898,1553,,,,1461475,78069617,2412293,,,,,,,,,,,,65,1301
04-02-2018,1860.60665,5163.090525,8186,,,,1358072,42734126,10896446,,,,,,,,,,,,204,712
05-02-2018,1783.82497,5305.188818,10296,,,,438688,72657102,9999402,,,,,,,,,,,,174,1211
06-02-2018,1656.305663,3278.187752,6947,,,,1394359,75109355,5845987,,,,,,,,,,,,121,1252
07-02-2018,1668.411858,3317.100326,6887,,,,1150834,78844931,6404235,,,,,,,,,,,,126,1314
08-02-2018,1655.27515,3299.706727,6696,,,,394885,76833317,6893053,,,,,,,,,,,,121,1281
09-02-2018,1537.203587,1922.522222,4779,,,,136160,78497805,4274328,,,,,,,,,,,,74,1308
10-02-2018,1480.951699,1394.684781,3028,,,,,80846484,3040553,,,,,,,,,,,,51,1347
11-02-2018,1482.36084,1634.56611,3111,,,,,77502960,3075120,,,,,,,,,,,,51,1292
12-02-2018,1611.405337,3395.884519,7916,,,,,74950334,6240596,,,,,,,,,,,,104,1249
13-02-2018,1797.411949,4831.838492,8950,,,,2559152,72053251,8057623,,,,,,,,,,,,177,1201
14-02-2018,1770.615165,5560.530439,11084,,,,,74316814,10146032,,,,,,,,,,,,169,1239
15-02-2018,1659.399839,3798.605054,7761,,,,,74298241,7417908,,,,,,,,,,,,124,1238
16-02-2018,1543.237384,1333.169174,3394,,,,,78481254,4568427,,,,,,,,,,,,76,1308
17-02-2018,1368.737544,25.9441694,167,,,,,84793858,287924,,,,,,,,,,,,5,1413
18-02-2018,1548.725693,1106.162217,2640,,,,1002580,76464601,3627378,,,,,,,,,,,,77,1274
19-02-2018,1704.323695,4151.277217,7936,,,,1044218,75498801,7399545,,,,,,,,,,,,141,1258
20-02-2018,1540.207192,2016.136367,5142,,,,,80817725,4494096,,,,,,,,,,,,75,1347
21-02-2018,1610.584684,2370.870463,5127,,,,,72182313,6220464,,,,,,,,,,,,104,1203
22-02-2018,1581.34201,2656.099414,5206,,,,,79026913,5503137,,,,,,,,,,,,92,1317
23-02-2018,1743.349569,4061.243243,8243,,,,1740455,75777658,7609855,,,,,,,,,,,,156,1263
24-02-2018,1848.098425,4363.7013,10502,,,,,69099923,12046707,,,,,,,,,,,,201,1152
25-02-2018,1596.215362,2624.351894,5210,,,,,75317093,5867984,,,,,,,,,,,,98,1255
26-02-2018,1593.196986,2396.938958,5504,,,,,79124561,5793943,,,,,,,,,,,,97,1319
27-02-2018,1625.583652,2964.974059,5714,,,,563420,79155024,5983893,,,,,,,,,,,,109,1319
28-02-2018,1600.696006,2274.091083,5813,,,,517708,79883454,5422443,,,,,,,,,,,,99,1331
01-03-2018,1621.754966,2905.187394,6066,,,,,78059084,6465537,,,,,,,,,,,,108,1301
02-03-2018,1488.824878,1693.627779,3443,,,,,81701718,2860195,,,,,,,,,,,,48,1362
03-03-2018,1431.926444,292.2354925,638,,,,891658,84192674,545704,,,,,,,,,,,,24,1403
04-03-2018,1581.55852,2242.017237,4395,,,,866102,76417393,4144800,,,,,,,,,,,,84,1274
05-03-2018,1671.932601,3221.404182,6885,,,,456655,78804169,6741157,,,,,,,,,,,,120,1313
06-03-2018,1695.545865,3966.673371,8015,,,,518411,78580678,7238563,,,,,,,,,,,,129,1310
07-03-2018,1553.596871,934.7191337,3490,,,,,80063826,4406288,,,,,,,,,,,,73,1334
08-03-2018,1688.072122,3009.152098,6097,,,,,77120998,7616183,,,,,,,,,,,,127,1285
09-03-2018,1550.193153,1819.851001,4243,,,,,77665159,4325042,,,,,,,,,,,,72,1294
10-03-2018,1504.478524,1562.465728,3373,,,,,75126412,3233844,,,,,,,,,,,,54,1252
11-03-2018,1395.667535,1709.897368,1929,,,,,79602703,1922441,,,,,,,,,,,,32,1327
12-03-2018,1655.890943,3191.494703,7099,,,,788408,78595345,6002431,,,,,,,,,,,,113,1310
13-03-2018,1687.063152,4233.035995,8792,,,,,75992842,7592099,,,,,,,,,,,,127,1267
14-03-2018,1627.436634,2036.679929,4631,,,,1200512,77751366,4881229,,,,,,,,,,,,101,1296
15-03-2018,1633.67626,2865.419918,6362,,,,,78454785,6317154,,,,,,,,,,,,105,1308
16-03-2018,1669.435341,2163.289325,4039,,,,757746,76082554,6358617,,,,,,,,,,,,119,1268
17-03-2018,1729.457916,5133.341279,9598,,,,,71542146,8604055,,,,,,,,,,,,143,1192
18-03-2018,1524.299611,1649.24056,3663,,,,726095,74499018,2928205,,,,,,,,,,,,61,1242
19-03-2018,1573.293939,2462.617854,5214,,,,,79788715,4876452,,,,,,,,,,,,81,1330
20-03-2018,1606.243529,1930.039917,4414,,,,576787,79909171,5044328,,,,,,,,,,,,94,1332
21-03-2018,1570.093048,1937.172483,4739,,,,,78658143,4800048,,,,,,,,,,,,80,1311
22-03-2018,1675.787507,3265.193226,6069,,,,,70178700,7322951,,,,,,,,,,,,122,1170
23-03-2018,1534.26814,1319.100265,2823,,,,455575,80827457,3456296,,,,,,,,,,,,65,1347
24-03-2018,1388.613442,126.2959166,417,,,,,84702833,468170,,,,,,,,,,,,8,1412
25-03-2018,1756.752472,9500.992001,12298,,,,628383,75755091,8581604,,,,,,,,,,,,153,1263
26-03-2018,1594.18747,2159.929579,4560,,,,515580,80176810,4822198,,,,,,,,,,,,89,1336
27-03-2018,1611.383873,2077.262889,4622,,,,,53701987,5785650,,,,,,,,,,,,96,895
28-03-2018,1565.544885,2009.698731,3449,,,,,48741657,4691484,,,,,,,,,,,,78,812
29-03-2018,1513.158545,1372.944736,3040,,,,,81505236,3441033,,,,,,,,,,,,57,1358
30-03-2018,1638.81672,4095.079887,6750,,,,,72927847,6440465,,,,,,,,,,,,107,1215
31-03-2018,1531.554189,1810.593861,2817,,,,,81024767,3880133,,,,,,,,,,,,65,1350
01-04-2018,1438.502553,695.0607586,1366,,,,,82211094,1659012,,,,,,,,,,,,28,1370
02-04-2018,1578.174437,2206.22112,5032,,,,,78696750,4992951,,,,,,,,,,,,83,1312
03-04-2018,1660.321268,2899.786079,5651,94,34,34,1537065,78912644,5305215,,,,,,,,,,,,114,1315
04-04-2018,1629.136618,2768.825577,6443,91,13,13,441851,78705299,5735504,,,,,,,,,,,,103,1312
05-04-2018,1717.136514,3987.583748,7898,111,18,18,577604,77412150,7690076,,,,,,,,,,,,138,1290
06-04-2018,1562.944975,1497.894468,3459,58,15,15,731324,81823623,3845053,,,,,,,,,,,,76,1364
07-04-2018,1536.150407,2417.145866,4194,56,10,10,425078,81982099,3533933,,,,,,,,,,,,66,1366
08-04-2018,1538.667849,2449.195148,4225,55,16,16,518906,82387705,3493389,,,,,,,,,,,,67,1373
09-04-2018,1899.287901,6410.667751,11816,156,10,10,425964,72388427,12200996,,,,,,,,,,,,210,1206
10-04-2018,1516.084762,1373.964769,3569,53,,,,79665945,3510882,,,,,,,,,,,,59,1328
11-04-2018,1651.054371,3172.930972,5912,97,24,24,1011153,79338540,5648077,,,,,,,,,,,,111,1322
12-04-2018,1604.793896,2656.776947,5505,78,10,10,,76367357,5628351,,,,,,,,,,,,94,1273
13-04-2018,1616.424325,2983.719581,6248,79,14,14,,45519381,5905967,,,,,,,,,,,,98,759
14-04-2018,1372.773382,45.41615295,301,3,,,,86309928,90072,,,,,,,,,,,,2,1438
15-04-2018,1652.548216,3886.213187,5515,102,18,18,972657,78015151,5725026,,,,,,,,,,,,112,1300
16-04-2018,1749.414751,3061.338877,6795,104,20,20,882710,74947223,8133679,,,,,,,,,,,,150,1249
17-04-2018,1695.299962,3636.475201,7256,112,14,14,496131,78009770,7256591,,,,,,,,,,,,129,1300
18-04-2018,1637.002444,2904.089096,5984,81,5,5,,79129804,6397161,,,,,,,,,,,,107,1319
19-04-2018,1597.318775,2435.336987,5176,74,1,1,,79849372,5449921,,,,,,,,,,,,91,1331
20-04-2018,1534.387381,2342.646031,4672,56,9,9,,80912902,3947761,,,,,,,,,,,,66,1349
21-04-2018,1603.397309,3206.275954,6363,78,3,3,,78583513,5595012,,,,,,,,,,,,93,1310
22-04-2018,1439.140415,1118.906876,2017,24,8,8,,84291528,1674236,,,,,,,,,,,,28,1405
23-04-2018,1629.736542,2664.113854,5121,82,6,6,390197,76791847,5805224,,,,,,,,,,,,103,1280
24-04-2018,1671.306452,3442.594827,6801,96,18,18,487873,78690339,6692727,,,,,,,,,,,,120,1312
25-04-2018,1707.416846,3942.311181,7680,114,18,18,776762,76090180,7244831,,,,,,,,,,,,134,1268
26-04-2018,1779.600955,4607.152403,10521,115,12,12,,75027205,9800955,,,,,,,,,,,,163,1250
27-04-2018,1707.952238,2737.107804,4767,104,43,43,2261583,48166038,5665085,,,,,,,,,,,,132,803
28-04-2018,1504.939138,872.8593948,2206,23,1,1,,81452786,3244838,,,,,,,,,,,,54,1358
29-04-2018,1456.106035,659.3864304,1153,20,1,1,,48472606,2079203,,,,,,,,,,,,35,808
30-04-2018,1518.421125,1429.067968,3511,46,1,1,,78588279,3566649,,,,,,,,,,,,59,1310
01-05-2018,1656.596831,2728.585306,3043,88,40,40,2506687,66356418,4176360,,,,,,,,,,,,111,1106
02-05-2018,1755.960499,4429.287192,8762,117,8,8,,71790369,9236660,,,,,,,,,,,,154,1197
03-05-2018,1705.593083,3690.881486,6966,109,14,14,481483,77114024,7517996,,,,,,,,,,,,133,1285
04-05-2018,1595.034075,4008.138173,5707,84,14,14,466502,78013436,4895045,,,,,,,,,,,,89,1300
05-05-2018,1769.931134,3066.371313,5396,96,26,26,1415371,69182061,8052099,,,,,,,,,,,,158,1153
06-05-2018,1851.958193,8645.318003,14331,186,6,6,,73398208,11528108,,,,,,,,,,,,192,1223
07-05-2018,1532.686545,1913.875743,4564,65,8,8,,79885260,3907165,,,,,,,,,,,,65,1331
08-05-2018,1615.2866,2268.963421,5073,83,,,,79381813,5876764,,,,,,,,,,,,98,1323
09-05-2018,1816.76103,6506.594134,11390,139,20,20,,72153867,10687957,,,,,,,,,,,,178,1203
10-05-2018,1647.954904,2281.272001,6091,89,20,20,1198368,78787683,5373300,,,,,,,,,,,,110,1313
11-05-2018,1708.317534,1403.203246,6596,63,24,24,1439539,74923284,6555475,,,,,,,,,,,,133,1249
12-05-2018,1536.850333,1702.286834,3006,42,1,1,,81011173,4006551,,,,,,,,,,,,67,1350
13-05-2018,1538.409132,534.1744978,1312,55,31,31,2127430,82067436,1762011,,,,,,,,,,,,65,1368
14-05-2018,1540.877778,2003.729249,4232,58,7,7,,77470900,4102686,,,,,,,,,,,,68,1291
15-05-2018,1743.514851,3880.573789,7600,118,15,15,423393,72006409,8485486,,,,,,,,,,,,148,1200
16-05-2018,1702.02004,5360.648932,8202,111,11,11,399706,77590710,7520416,,,,,,,,,,,,132,1293
17-05-2018,1684.421143,4155.514431,7749,112,23,23,521654,77866942,6969537,,,,,,,,,,,,125,1298
18-05-2018,1624.849633,3125.652989,7118,79,7,7,,77939660,6107075,,,,,,,,,,,,102,1299
19-05-2018,1618.600708,1802.412892,4811,40,,,,74448530,5957914,,,,,,,,,,,,99,1241
20-05-2018,1898.404657,7403.788929,11770,143,30,30,,70392588,12636775,,,,,,,,,,,,211,1173
21-05-2018,1706.458313,3068.10556,7275,96,17,17,553762,75723771,7461127,,,,,,,,,,,,134,1262
22-05-2018,1618.031243,2309.950921,5002,81,11,11,604944,78807627,5295496,,,,,,,,,,,,98,1313
23-05-2018,1751.887881,3738.633443,7513,143,33,33,1991055,65708716,7003967,,,,,,,,,,,,150,1095
24-05-2018,1701.240691,5368.322544,7446,93,24,24,699774,78107002,7179978,,,,,,,,,,,,131,1302
25-05-2018,1667.095741,3623.7668,6706,95,10,10,,74697291,7115481,,,,,,,,,,,,119,1245
26-05-2018,1703.949113,3439.798032,8453,83,8,8,,74751876,7995163,,,,,,,,,,,,133,1246
27-05-2018,1605.574338,3095.572164,4873,69,18,18,492585,78818267,4989740,,,,,,,,,,,,91,1314
28-05-2018,1655.072525,2808.140799,6151,89,1,1,,77056654,6828492,,,,,,,,,,,,114,1284
29-05-2018,1648.746129,4174.181465,8044,104,8,8,,76758117,6677482,,,,,,,,,,,,111,1279
30-05-2018,1600.398288,1434.202111,4150,65,10,10,748821,78494593,4720291,,,,,,,,,,,,91,1308
31-05-2018,1672.89986,3319.895716,6305,95,15,15,492655,77177822,6725634,,,,,,,,,,,,120,1286
01-06-2018,1736.531501,3037.030297,8624,85,2,2,,75248171,8772899,,,,,,,,,,,,146,1254
02-06-2018,1551.760612,2577.865124,6923,71,14,14,,82037543,4362457,,,,,,,,,,,,73,1367
03-06-2018,1543.128974,1843.745152,3746,51,1,1,,78477341,4156421,,,,,,,,,,,,69,1308
04-06-2018,1635.35583,3248.933961,6912,96,9,9,,76270774,6357857,,,,,,,,,,,,106,1271
05-06-2018,1574.270571,1737.765089,3826,52,,,,80010518,4899764,,,,,,,,,,,,82,1334
06-06-2018,1662.322485,2950.444555,6075,98,6,6,425025,77434468,6545686,,,,,,,,,,,,116,1291
07-06-2018,1650.535548,3461.1786,7107,91,12,12,,77644724,6720195,,,,,,,,,,,,112,1294
08-06-2018,1672.010398,2739.190247,5465,113,44,44,2381466,75131348,4678581,,,,,,,,,,,,118,1252
09-06-2018,1983.805861,5546.199028,11094,171,5,5,,67406548,14675285,,,,,,,,,,,,245,1123
10-06-2018,1882.290127,3489.433974,7378,101,3,3,,66851733,12252123,,,,,,,,,,,,204,1114
11-06-2018,1562.155095,2475.984936,5023,67,3,3,,78634689,5621638,,,,,,,,,,,,94,1311
12-06-2018,1698.562977,2726.960408,5779,85,10,10,610046,69281554,7212301,,,,,,,,,,,,130,1155
13-06-2018,1737.697454,2808.152715,8878,73,3,3,,22900679,8800727,,,,,,,,,,,,147,382
14-06-2018,1390.597391,152.8211937,445,4,,,,79129904,515528,,,,,,,,,,,,9,1319
15-06-2018,1614.749227,2860.182484,5609,74,8,8,343841,76544282,5514846,,,,,,,,,,,,98,1276
16-06-2018,1740.747203,5188.970605,9490,125,8,8,,35348687,8873524,,,,,,,,,,,,148,589
17-06-2018,1634.952444,3317.119709,5811,76,8,8,,66350707,6348226,,,,,,,,,,,,106,1106
18-06-2018,1478.954514,1150.717534,2790,46,2,2,,77574606,3023679,,,,,,,,,,,,50,1293
19-06-2018,1611.849849,3263.488066,6214,84,14,14,,79566941,5796773,,,,,,,,,,,,97,1326
20-06-2018,1615.397185,3371.30595,6357,82,18,18,,79320967,5881447,,,,,,,,,,,,98,1322
21-06-2018,1515.279922,2469.448573,5061,68,1,1,,76492344,4896502,,,,,,,,,,,,82,1275
22-06-2018,1622.853229,3045.097087,6803,83,1,1,,48173921,6844478,,,,,,,,,,,,114,803
23-06-2018,1395.403319,158.1358948,641,9,4,4,333763,82922140,272269,,,,,,,,,,,,10,1382
24-06-2018,1464.716981,734.3077811,1416,19,,,,58431829,2284745,,,,,,,,,,,,38,974
25-06-2018,1623.792771,3204.361376,6447,84,9,9,,78769146,6204409,,,,,,,,,,,,103,1313
26-06-2018,1724.038193,3859.349216,7310,104,15,15,546071,77479070,7888999,,,,,,,,,,,,141,1291
27-06-2018,1555.142689,2910.911175,5728,70,10,10,,77277386,5827159,,,,,,,,,,,,97,1288
28-06-2018,1542.000741,3165.526544,6259,79,12,12,,79426287,6235192,,,,,,,,,,,,104,1324
29-06-2018,1508.371099,2527.285637,4965,63,22,22,,79712634,3787861,,,,,,,,,,,,63,1329
30-06-2018,1677.072722,2058.760435,4730,45,,,,76133563,7353628,,,,,,,,,,,,123,1269
01-07-2018,1721.449563,3152.268037,5504,63,4,4,,70553255,8319785,,,,,,,,,,,,139,1176
02-07-2018,1757.137169,7059.946159,12433,136,44,44,,74256699,11075240,,,,,,,,,,,,185,1238
03-07-2018,1613.887417,2681.369069,5503,81,18,18,579914,78319340,5223430,,,,,,,,,,,,97,1305
04-07-2018,1603.738398,3085.582933,5899,94,23,23,931124,78391203,6057343,,,,,,,,,,,,116,1307
05-07-2018,1690.299027,3249.259818,6445,105,30,30,1347785,75243276,6594479,,,,,,,,,,,,132,1254
06-07-2018,1483.73398,1460.515843,3623,50,,,,75346274,4157287,,,,,,,,,,,,69,1256
07-07-2018,1592.241401,1368.297156,2983,53,18,18,1138101,77071846,4108066,,,,,,,,,,,,87,1285
08-07-2018,1575.712451,1148.449533,2734,43,,,,77101808,4934182,,,,,,,,,,,,82,1285
09-07-2018,1622.568354,2643.920172,5362,76,2,2,,74573010,6052622,,,,,,,,,,,,101,1243
10-07-2018,1641.276336,4192.762586,7823,96,14,14,,77946753,6499175,,,,,,,,,,,,108,1299
11-07-2018,1580.193773,2576.588186,5128,71,4,4,,79549577,5217934,,,,,,,,,,,,87,1326
12-07-2018,1780.364455,3467.852691,6644,118,33,33,1814612,74873110,7872939,,,,,,,,,,,,161,1248
13-07-2018,1602.75512,4304.940266,6179,85,10,10,,70315437,7418300,,,,,,,,,,,,124,1172
14-07-2018,1507.30344,2070.145799,3595,43,5,5,,81623928,3301273,,,,,,,,,,,,55,1360
15-07-2018,1519.80898,769.747283,1629,42,16,16,1021147,71484011,2504559,,,,,,,,,,,,59,1191
16-07-2018,1541.584078,3517.705897,6711,86,15,15,,78505642,6354779,,,,,,,,,,,,106,1308
17-07-2018,1602.060426,2090.020088,4965,80,10,10,667560,78435369,4847116,,,,,,,,,,,,92,1307
18-07-2018,1640.986013,3382.160633,6632,70,14,14,,76718033,6492247,,,,,,,,,,,,108,1279
19-07-2018,1598.169106,2328.59536,5370,66,6,6,,77438543,5470216,,,,,,,,,,,,91,1291
20-07-2018,1613.815647,2718.947902,7486,63,3,3,,77207701,6896360,,,,,,,,,,,,115,1287
21-07-2018,1775.970912,3369.201863,6166,79,1,1,,69204631,9714308,,,,,,,,,,,,162,1153
22-07-2018,1552.024618,3015.253948,5312,63,8,8,,78515179,4368758,,,,,,,,,,,,73,1309
23-07-2018,1676.430454,3901.10728,7408,106,32,32,818137,78622091,6460816,,,,,,,,,,,,121,1310
24-07-2018,1707.831272,4505.642291,8214,110,21,21,,76481126,8087829,,,,,,,,,,,,135,1275
25-07-2018,1545.581644,2450.821627,4825,60,8,8,,78346858,4214964,,,,,,,,,,,,70,1306
26-07-2018,1605.537148,2398.472749,4849,77,15,15,566933,77901551,5038034,,,,,,,,,,,,93,1298
27-07-2018,1643.863727,3020.71253,5595,82,2,2,,76477792,6560938,,,,,,,,,,,,109,1275
28-07-2018,1484.771529,920.2367415,1596,16,2,2,,76293473,2763442,,,,,,,,,,,,46,1272
29-07-2018,1566.903959,2653.61349,4429,48,10,10,,77276725,4914642,,,,,,,,,,,,82,1288
30-07-2018,1473.454161,811.6055636,1819,31,15,15,709444,82307409,1732393,,,,,,,,,,,,41,1372
31-07-2018,1316.735514,2506.921284,4890,63,6,6,,54234927,4164985,,,,,,,,,,,,69,904
01-08-2018,1484.46342,1076.398729,2796,30,,,,50220240,4611927,,,,,,,,,,,,77,837
02-08-2018,1711.517425,5086.156326,9242,122,20,20,642323,74992700,7486899,,,,,,,,,,,,135,1250
03-08-2018,1682.72071,2116.449148,4551,66,9,9,516762,71934540,6934197,,,,,,,,,,,,124,1199
04-08-2018,1532.387198,3114.067247,6808,67,9,9,,70247537,6666042,,,,,,,,,,,,111,1171
05-08-2018,1411.294209,477.8355545,1137,17,,,,84636999,1194245,,,,,,,,,,,,20,1411
06-08-2018,1588.957285,3163.060389,6064,117,52,52,2610091,77515957,5559745,,,,,,,,,,,,136,1292
07-08-2018,1628.035983,4292.918736,8371,106,15,15,,76604343,7409553,,,,,,,,,,,,123,1277
08-08-2018,1481.822997,3290.243581,6246,79,14,14,,79072755,6094473,,,,,,,,,,,,102,1318
09-08-2018,1516.733993,1906.253265,4390,70,5,5,,81292698,3526378,,,,,,,,,,,,59,1355
10-08-2018,1608.22966,3337.177827,6002,75,10,10,,79723240,5710358,,,,,,,,,,,,95,1329
11-08-2018,1022.350963,1147.80449,2568,24,5,5,,78612103,4896976,,,,,,,,,,,,82,1310
12-08-2018,1402.580029,681.8365092,2230,19,,,,83333704,1981279,,,,,,,,,,,,33,1389
13-08-2018,1566.711959,1918.255606,4443,66,13,13,664559,81154428,4006579,,,,,,,,,,,,78,1353
14-08-2018,1548.75153,2143.501213,5346,59,4,4,,49275321,5886214,,,,,,,,,,,,98,821
15-08-2018,1391.86434,,341,1,,,,85576491,545767,,,,,,,,,,,,9,1426
16-08-2018,1444.81072,595.6443713,1296,27,2,2,,36030123,1803287,,,,,,,,,,,,30,601
17-08-2018,1649.847844,1074.175482,4114,28,5,5,,32792430,6703776,,,,,,,,,,,,112,547
18-08-2018,749.1205952,1107.50045,2430,32,2,2,,79511174,2418903,,,,,,,,,,,,40,1325
19-08-2018,1573.095972,2261.15268,3544,49,3,3,,46953650,4790664,,,,,,,,,,,,80,783
20-08-2018,1663.406777,4816.367918,7435,102,5,5,,78566584,6855071,,,,,,,,,,,,114,1309
21-08-2018,1506.868782,2106.386161,3722,48,7,7,,81659076,3299580,,,,,,,,,,,,55,1361
22-08-2018,1643.465075,3221.14414,6109,85,6,6,,77359063,6526476,,,,,,,,,,,,109,1289
23-08-2018,1646.345919,2907.680246,5128,69,17,17,455654,77271495,5390580,,,,,,,,,,,,97,1288
24-08-2018,1577.159538,1788.121102,3917,51,6,6,,79613118,4298470,,,,,,,,,,,,72,1327
25-08-2018,1660.210713,5527.140506,9195,108,10,10,,79497711,6902289,,,,,,,,,,,,115,1325
26-08-2018,1546.386826,2335.280292,4059,45,11,11,,80735507,3595474,,,,,,,,,,,,60,1346
27-08-2018,1526.612206,2510.759553,4738,62,10,10,,81211625,4127756,,,,,,,,,,,,69,1354
28-08-2018,1625.174069,2114.071827,5682,67,9,9,545327,80446776,4810786,,,,,,,,,,,,89,1341
29-08-2018,1648.332684,2873.345149,5958,80,29,29,819855,79462401,5045557,,,,,,,,,,,,98,1324
30-08-2018,1624.257507,2003.190316,4163,78,45,45,1745111,80090183,3503722,,,,,,,,,,,,87,1335
31-08-2018,1579.628285,1993.374253,4006,54,16,16,469692,81140447,3851378,,,,,,,,,,,,72,1352
01-09-2018,1765.29348,2354.210098,5222,52,16,16,,67909378,8596357,,,,,,,,,,,,143,1132
02-09-2018,1506.099963,2173.025194,3641,36,21,21,,78668364,2675129,,,,,,,,,,,,45,1311
03-09-2018,1554.186228,1801.715048,3938,49,1,1,,79837275,3979896,,,,,,,,,,,,66,1331
04-09-2018,1597.446647,2735.067653,5185,80,23,23,695202,80216810,5051199,,,,,,,,,,,,96,1337
05-09-2018,1637.477006,2802.955702,5767,81,23,23,673402,79618472,5609985,,,,,,,,,,,,105,1327
06-09-2018,1698.298595,3820.514094,7368,93,5,5,,78121576,7065869,,,,,,,,,,,,118,1302
07-09-2018,1542.614764,2059.972992,3959,57,2,2,,78818630,3509304,,,,,,,,,,,,58,1314
08-09-2018,1396.453005,32.0904371,356,2,,,,83613673,170263,,,,,,,,,,,,3,1394
09-09-2018,1364.507329,1098.443291,2381,41,25,25,1069569,81581735,2645332,,,,,,,,,,,,62,1360
10-09-2018,1505.470994,1804.85261,3303,37,6,6,,83015658,2575636,,,,,,,,,,,,43,1384
11-09-2018,1634.625346,2970.590612,6311,88,11,11,,77668890,5507262,,,,,,,,,,,,92,1294
12-09-2018,1567.232948,1931.467564,3846,52,4,4,,74422326,3962439,,,,,,,,,,,,66,1240
13-09-2018,1435.371381,565.413209,1241,17,,,,83442532,984472,,,,,,,,,,,,16,1391
14-09-2018,1432.347718,560.9971361,1070,11,1,1,,85484161,915839,,,,,,,,,,,,15,1425
15-09-2018,1741.940329,5165.887728,8718,102,8,5,,75600095,7525544,256152,,,,,,,,,,,130,1260
16-09-2018,2249.710591,3488.601669,6398,190,247,127,,69593339,5149378,,,7200000,,,,,,,,,206,1160
17-09-2018,1613.586245,2472.259747,4857,67,,,,79874534,5029703,,,,,,,,,,,,84,1331
18-09-2018,1593.918427,1788.668711,3981,71,14,14,893642,78570071,3625394,,,,,,,,,,,,75,1310
19-09-2018,2289.569008,6119.375885,10999,255,252,147,1189545,67590276,7660153,,,3600000,,,,,,2700000,,,252,1127
20-09-2018,1588.440123,2626.766202,5079,77,13,13,584560,81251504,4124530,,,,,,,,,,,,78,1354
21-09-2018,1950.392849,4287.907196,7219,138,123,63,,76927099,4934517,,,3600000,,,,,,,,,142,1282
22-09-2018,1979.892842,1645.058095,4319,124,182,92,,75309919,2975817,,,,,,,300000,,5400000,,,145,1255
23-09-2018,1816.893844,1417.119024,3142,89,120,60,,76711681,1904274,,,3600000,,,,,,,,,92,1279
24-09-2018,1484.916252,1211.453725,2289,28,5,5,,80927909,2252943,,,,,,,,,,,,38,1349
25-09-2018,1798.465005,3243.79071,6047,119,100,55,,74871322,5164747,,,,,,,,,2700000,,,131,1248
26-09-2018,1471.193724,1416.717648,3143,39,2,2,,80942651,3004086,,,,,,,,,,,,50,1349
27-09-2018,1519.169152,1285.629504,3006,45,,,,80495982,2886566,,,,,,,,,,,,48,1342
28-09-2018,1496.787977,1071.883505,2731,40,,,,82091102,2378544,,,,,,,,,,,,40,1368
29-09-2018,1548.943407,1835.780418,3179,42,6,6,,80155910,3562398,,,,,,,,,,,,59,1336
30-09-2018,1824.69842,2678.158555,4909,130,140,80,433092,73912968,4149115,,,,,,,,,3600000,,,136,1232
01-10-2018,1658.725796,3268.366614,5801,73,4,4,,77483139,6054307,,,,,,,,,,,,101,1291
02-10-2018,1995.483173,3846.133984,6720,160,158,83,,73531089,6397558,,,,,,,,,4500000,,,182,1226
03-10-2018,1804.381288,3605.216494,7168,122,73,42,,76444712,6240291,,,,,,60000,,,,,1800000,135,1274
04-10-2018,1842.188952,3845.059377,7161,162,91,91,,74459697,6203851,,,,,,,,,4500000,,,178,1241
05-10-2018,1533.574729,1544.584305,3239,42,11,11,487782,81297796,3269938,,,,,,,,,,,,63,1355
06-10-2018,1665.277597,2881.878725,4945,68,1,1,,76455484,6203025,,,,,,,,,,,,103,1274
07-10-2018,1510.069602,998.6016307,1998,27,2,2,181654,81035534,2754394,,,,,,,,,,,,49,1351
08-10-2018,1528.538931,2544.19498,4786,75,37,37,1155106,79631718,4108595,,,,,,,,,,,,88,1327
09-10-2018,1810.7028,2301.464298,5189,147,106,96,,74942419,4763540,,,,,,600000,,,4800000,,,169,1249
10-10-2018,1550.818124,1370.375299,3323,48,,,,78779751,4207507,,,,,,,,,,,,70,1313
11-10-2018,1886.911962,1592.279927,10417,109,110,55,,75082770,4138611,,,,,,3300000,,,,,,124,1251
12-10-2018,1595.51778,2328.588824,4739,69,1,1,,78374833,4869273,,,,,,,,,,,,81,1306
13-10-2018,1461.866295,1361.267653,3039,47,6,6,431310,81018610,2970441,,,,,,,,,,,,57,1350
14-10-2018,1745.680926,3508.565432,6035,141,90,90,,72959662,6182625,,,,,,,,,4200000,,,173,1216
15-10-2018,1808.107172,3442.736871,6836,160,72,72,,69419781,7102576,,,,,,,,,3900000,,,183,1157
16-10-2018,1626.230333,2557.2852,5255,68,,,,78439442,5316707,,,,,,,,,,,,89,1307
17-10-2018,1657.754059,2153.272794,4561,60,5,5,,74654274,6455880,,,,,,,,,,,,108,1244
18-10-2018,1541.465113,388.3238649,1027,28,15,15,974734,80918325,2347856,,,,,,,,,,,,55,1349
19-10-2018,1426.510197,274.6474648,1037,11,,,,84337532,783336,,,,,,,,,,,,13,1406
20-10-2018,1442.762081,1335.29688,2293,32,5,5,,79144830,2200933,,,,,,,,,,,,37,1319
21-10-2018,1500.826192,1153.735901,2614,37,1,1,,80771435,2980816,,,,,,,,,,,,50,1346
22-10-2018,1572.28867,1873.572489,4034,63,3,3,,79179401,4092306,,,,,,,,,,,,68,1320
23-10-2018,1585.25636,2501.775225,4967,66,5,5,,80618633,4386654,,,,,,,,,,,,73,1344
24-10-2018,1517.234089,1220.366437,2749,42,1,1,,82815518,2944304,,,,,,,,,,,,49,1380
25-10-2018,1550.189904,2006.346827,3831,43,3,3,,82628918,3590693,,,,,,,,,,,,60,1377
26-10-2018,1553.539962,2243.115977,3503,39,15,15,,76275686,3666735,,,,,,,,,,,,61,1271
27-10-2018,1477.62789,719.6689386,1548,18,,,,74458801,1943636,,,,,,,,,,,,32,1241
28-10-2018,1544.31224,1939.483245,4425,50,,,,76131841,4384474,,,,,,,,,,,,73,1269
29-10-2018,1499.046691,472.8171628,1287,25,10,10,632504,82426428,2064020,,,,,,,,,,,,45,1374
30-10-2018,1609.433411,2629.075348,5054,66,9,9,,77144464,5247189,,,,,,,,,,,,87,1286
31-10-2018,1519.94552,1279.223241,3226,42,,,,81653540,2904188,,,,,,,,,,,,48,1361
01-11-2018,1689.961666,1804.288159,4222,73,18,18,1143522,74721469,5537604,,,,,,,,,,,,111,1245
02-11-2018,1519.139804,1475.814575,3757,121,4,4,,49363797,3334530,,,,,,,,,,,,56,823
03-11-2018,1396.983306,34.59537125,417,2,,,,85409835,113116,,,,,,,,,,,,2,1423
04-11-2018,1504.83235,229.5961466,750,10,,,,88408902,1244621,,,,,,,,,,,,21,1473
05-11-2018,1644.255347,1470.881612,3666,55,,,,78757730,5725847,,,,,,,,,,,,95,1313
06-11-2018,1519.298002,350.2462956,2063,11,,,,79351790,2889490,,,,,,,,,,,,48,1323
07-11-2018,1599.920885,3670.992273,5995,66,33,33,,74806522,4719516,,,,,,,,,,,,79,1247
08-11-2018,1758.35034,6467.415371,10712,124,43,43,,75066036,9518793,,,,,,,,,,,,159,1251
09-11-2018,1574.117757,1179.188056,3126,39,3,3,,72709447,4212596,,,,,,,,,,,,70,1212
10-11-2018,1622.728635,2306.690904,4572,43,15,15,,68210016,7257853,,,,,,,,,,,,121,1137
11-11-2018,1483.187528,429.3898365,1810,21,1,1,,53450380,2493459,,,,,,,,,,,,42,891
12-11-2018,1710.805371,3896.879657,7666,111,1,1,,74659883,7236442,,,,,,,,,,,,121,1244
13-11-2018,1606.701427,3376.923909,6408,77,12,12,,77509611,5052002,,,,,,,,,,,,84,1292
14-11-2018,1711.583278,2290.03916,4682,122,68,68,,76564993,4673162,,,,,,,,,3600000,,,138,1276
15-11-2018,1869.430965,2923.684438,6243,163,88,88,,73841136,6554552,,,,,,,,,4800000,,,189,1231
16-11-2018,1610.133592,1648.101821,3674,52,1,1,,72538792,4951333,,,,,,,,,,,,83,1209
17-11-2018,1501.607454,1744.251831,3111,37,2,2,,82446448,2487939,,,,,,,,,,,,41,1374
18-11-2018,1592.522971,2755.910175,5148,68,,,,79090987,4551595,,,,,,,,,,,,76,1318
19-11-2018,1538.478876,2198.923276,4474,55,4,4,,80766408,3556513,,,,,,,,,,,,59,1346
20-11-2018,1576.243035,2113.052757,4207,55,2,2,,80680235,4182065,,,,,,,,,,,,70,1345
21-11-2018,1616.033291,2406.699987,4855,58,7,7,,79831375,5085248,,,,,,,,,,,,85,1331
22-11-2018,1633.998921,3087.806634,6451,89,9,9,,79044319,6337989,,,,,,,,,,,,106,1317
23-11-2018,1605.148013,2107.338189,4207,56,,,,75832860,4838165,,,,,,,,,,,,81,1264
24-11-2018,1442.032975,1255.469929,2188,24,4,4,,80967397,1693903,,,,,,,,,,,,28,1349
25-11-2018,1496.350056,1020.679284,2264,24,1,1,,80549849,2368603,,,,,,,,,,,,39,1342
26-11-2018,1981.146121,5269.106817,9763,182,79,79,,66317628,10958211,,,,,,,,,3960000,,,249,1105
27-11-2018,1786.788684,3145.121526,6529,150,90,90,,72310518,5695626,,,,,,,,,4200000,,,165,1205
28-11-2018,1597.711404,2731.838525,5503,74,11,11,,73746411,5805020,,,,,,,,,,,,97,1229
29-11-2018,1684.117086,3400.170434,7198,91,,,,73555360,6630653,,,,,,,,,,,,111,1226
30-11-2018,1695.993001,2139.876234,4619,76,1,1,,76053326,6900222,,,,,,,,,,,,115,1268
01-12-2018,1488.591138,985.155865,2200,27,,,,81854710,2262214,,,,,,,,,,,,38,1364
02-12-2018,1480.291427,1068.034478,2797,39,,,,81360106,3074049,,,,,,,,,,,,51,1356
03-12-2018,1574.666734,2620.95694,5296,70,7,7,,78493549,5378631,,,,,,,,,,,,90,1308
04-12-2018,1527.519492,2008.032702,3928,52,4,4,,81577619,3721826,,,,,,,,,,,,62,1360
05-12-2018,1520.135348,1542.437378,3921,57,2,2,,80128400,3258639,,,,,,,,,,,,54,1335
06-12-2018,1594.2367,1429.556262,4114,51,1,1,,79843702,4685652,,,,,,,,,,,,78,1331
07-12-2018,1617.489278,2348.565176,4516,59,7,7,,78766787,5118295,,,,,,,,,,,,85,1313
08-12-2018,1381.396675,123.2649473,565,5,,,,83276636,711306,,,,,,,,,,,,12,1388
09-12-2018,1510.584855,1130.889302,2486,29,1,1,,83138423,2691711,,,,,,,,,,,,45,1386
10-12-2018,1794.93357,4136.961783,8497,118,4,4,,73325220,9146036,,,,,,,,,,,,152,1222
11-12-2018,1686.159808,2914.291882,5478,73,4,4,,78146794,6677021,,,,,,,,,,,,111,1302
12-12-2018,1502.093037,1791.198443,3553,44,6,6,,81436034,3227258,,,,,,,,,,,,54,1357
13-12-2018,1689.907129,1412.160363,3087,43,3,3,,72482299,6762081,,,,,,,,,,,,113,1208
14-12-2018,1589.576063,2304.325345,4713,50,12,12,,79292342,4576198,,,,,,,,,,,,76,1322
15-12-2018,1589.852113,2598.28055,4322,51,16,16,,78557182,4556098,,,,,,,,,,,,76,1309
16-12-2018,1532.53705,4699.542856,7799,91,22,22,,77714724,6210374,,,,,,,,,,,,104,1295
17-12-2018,1523.880504,1397.270021,3233,43,2,2,,79228972,3567021,,,,,,,,,,,,59,1320
18-12-2018,1547.373397,1087.956259,3095,42,,,,76555443,3745768,,,,,,,,,,,,62,1276
19-12-2018,1585.783295,2224.86634,4777,64,3,3,,79017491,4997086,,,,,,,,,,,,83,1317
20-12-2018,1527.349289,1278.541447,3361,47,,,,80163227,3072242,,,,,,,,,,,,51,1336
21-12-2018,1633.92973,1892.770874,4259,60,,,,72270045,5639261,,,,,,,,,,,,94,1205
22-12-2018,1597.724182,1796.818521,3563,53,,,,75735475,4669655,,,,,,,,,,,,78,1262
23-12-2018,1481.281845,899.2380049,1418,17,1,1,,74216069,2026576,,,,,,,,,,,,34,1237
24-12-2018,1565.848249,1953.393901,3855,42,10,10,,81433553,3946115,,,,,,,,,,,,66,1357
25-12-2018,1521.206763,2306.304595,3043,33,7,7,,47166121,3348633,,,,,,,,,,,,56,786
26-12-2018,1639.595075,2735.263753,5559,68,2,2,,48269388,5620067,,,,,,,,,,,,94,804
27-12-2018,1598.428846,1678.590864,3928,55,,,,78674538,4685651,,,,,,,,,,,,78,1311
28-12-2018,1518.16337,1003.705286,2846,47,10,10,638397,81868330,2179450,,,,,,,,,,,,47,1364
29-12-2018,1436.958913,63.6249876,402,15,11,11,694974,81963956,275578,,,,,,,,,,,,16,1366
30-12-2018,1435.971461,208.1710773,984,13,,,,69435803,998094,,,,,,,,,,,,17,1157
31-12-2018,1472.408096,444.0359381,2172,25,2,2,,72589212,1825155,,,,,,,,,,,,30,1210
01-01-2019,1373.822838,510.4498692,1506,16,,,,78631774,1915574,,,,,,,,,,,,32,1311
02-01-2019,1533.694229,1139.375716,3023,38,,,,81809946,3216265,,,,,,,,,,,,54,1363
03-01-2019,1814.750038,1585.737432,8370,120,110,75,,64827613,3462618,,,,,,,,2100000,2340000,,,132,1080
04-01-2019,1451.079413,690.4350994,1492,22,1,1,,74536203,1341021,,,,,,,,,,,,22,1242
05-01-2019,1423.795369,613.7269187,1574,18,,,,84221783,1242267,,,,,,,,,,,,21,1404
06-01-2019,1361.716507,142.6929359,598,7,,,,84310849,419268,,,,,,,,,,,,7,1405
07-01-2019,1424.029764,156.9004593,918,6,,,,80834500,727035,,,,,,,,,,,,12,1347
08-01-2019,1420.241108,327.920534,875,10,,,,85758964,641036,,,,,,,,,,,,11,1429
09-01-2019,1470.080054,738.6550245,2195,26,,,,81840324,2805901,,,,,,,,,,,,47,1364
10-01-2019,1574.807423,1933.55859,3841,52,1,1,,81331421,4149476,,,,,,,,,,,,69,1356
11-01-2019,1550.118153,1963.545925,3991,54,2,2,,80872247,3589063,,,,,,,,,,,,60,1348
12-01-2019,1480.405726,2267.392924,4216,47,13,13,,82285135,2909531,,,,,,,,,,,,48,1371
13-01-2019,1449.940462,356.7725279,1199,13,,,,83778292,1315170,,,,,,,,,,,,22,1396
14-01-2019,1377.706267,413.8823581,938,11,1,1,,85232559,866121,,,,,,,,,,,,14,1421
15-01-2019,1462.712627,1233.391742,2642,32,2,2,,81162414,2877375,,,,,,,,,,,,48,1353
16-01-2019,1552.083977,1857.268189,4215,56,,,,81586397,3633684,,,,,,,,,,,,61,1360
17-01-2019,1501.320915,1077.68771,2305,28,1,1,,82130696,2516768,,,,,,,,,,,,42,1369
18-01-2019,1509.37032,1654.624029,3404,38,7,7,,55094144,3841828,,,,,,,,,,,,64,918
19-01-2019,1514.498057,501.3738099,1466,34,19,19,1249339,80120960,2529087,,,,,,,,,,,,63,1335
20-01-2019,1432.770543,1469.257279,1537,17,,,,56730424,1900616,,,,,,,,,,,,32,946
21-01-2019,1481.646241,2109.397028,4683,66,5,5,,80233258,3906307,,,,,,,,,,,,65,1337
22-01-2019,1520.948082,1364.515949,3404,50,2,2,,74840731,2926944,,,,,,,,,,,,49,1247
23-01-2019,1504.141232,1280.041467,3502,59,1,1,,82197775,3358243,,,,,,,,,,,,56,1370
24-01-2019,1517.8942,1480.241965,3508,49,3,3,,79923936,2979793,,,,,,,,,,,,50,1332
25-01-2019,1499.955333,2084.516536,4288,53,6,6,,78560613,3615011,,,,,,,,,,,,60,1309
26-01-2019,1401.369371,67.94901657,425,4,,,,74847925,212673,,,,,,,,,,,,4,1247
27-01-2019,1435.541107,409.2021308,1490,20,,,,80422212,988325,,,,,,,,,,,,16,1340
28-01-2019,1444.5177,850.9177543,1644,23,,,,82929292,2236128,,,,,,,,,,,,37,1382
29-01-2019,1418.076064,344.3992921,1250,15,,,,84563825,591893,,,,,,,,,,,,10,1409
30-01-2019,1470.014113,727.88937,2392,29,,,,79811563,1770814,,,,,,,,,,,,30,1330
31-01-2019,1592.887616,1670.130518,3676,51,,,,80806573,4559872,,,,,,,,,,,,76,1347
01-02-2019,1495.614318,1316.275645,3517,47,1,1,,78715899,3559044,,,,,,,,,,,,59,1312
02-02-2019,1583.992107,3173.209926,5446,81,25,25,932369,79105330,5324435,,,,,,,,,,,,104,1318
03-02-2019,1472.481728,603.6415322,2052,29,,,,82072283,1826827,,,,,,,,,,,,30,1368
04-02-2019,1763.313178,1587.241505,3977,133,84,84,,73368030,4385490,,,,,,,,,4980000,,,156,1223
05-02-2019,1727.909184,1849.006248,4365,146,85,85,,75955999,3975077,,,,,,,,,4800000,,,146,1266
06-02-2019,1593.90045,2202.982809,4714,73,,,,80686367,4729283,,,,,,,,,,,,79,1345
07-02-2019,1587.549773,2058.950359,4885,65,8,8,,75980812,4438710,,,,,,,,,,,,74,1266
08-02-2019,1557.188022,1393.680642,2940,38,1,1,,74625528,4679350,,,,,,,,,,,,78,1244
09-02-2019,1478.310785,1422.762095,3090,47,3,3,,80086623,2915182,,,,,,,,,,,,49,1335
10-02-2019,1597.01603,1873.110039,4205,65,,,,71995697,4772698,,,,,,,,,,,,80,1200
11-02-2019,1669.037605,1711.547874,3777,119,61,61,,76179534,5036648,,,,,,,,,3600000,,,144,1270
12-02-2019,1604.808516,2639.95136,4983,68,3,3,,79215634,5559383,,,,,,,,,,,,93,1320
13-02-2019,1479.731201,1256.584427,3361,49,,,,80546589,2824166,,,,,,,,,,,,47,1342
14-02-2019,1489.354185,1729.149399,3929,63,1,1,,80903815,3576836,,,,,,,,,,,,60,1348
15-02-2019,1459.116229,637.0547835,1678,21,,,,82606902,1523448,,,,,,,,,,,,25,1377
16-02-2019,1662.595373,2483.619392,4870,62,9,9,,49807011,6228458,,,,,,,,,,,,104,830
17-02-2019,1706.398914,1395.665282,3425,35,,,,48978683,7594913,,,,,,,,,,,,127,816
18-02-2019,1352.472352,458.3470018,1705,23,,,,78611074,1306369,,,,,,,,,,,,22,1310
19-02-2019,1577.827015,2837.323227,5724,73,4,4,,81053749,4782792,,,,,,,,,,,,80,1351
20-02-2019,1500.011715,1477.978092,3268,42,2,2,,81014126,3219863,,,,,,,,,,,,54,1350
21-02-2019,1571.382536,2282.544632,4527,61,2,2,,81334411,4071737,,,,,,,,,,,,68,1356
22-02-2019,1500.037465,1779.669392,3591,43,3,3,,82101378,3418327,,,,,,,,,,,,57,1368
23-02-2019,1541.194041,1939.057345,3790,49,,,,75915866,4829077,,,,,,,,,,,,80,1265
24-02-2019,1490.03958,1378.170246,3010,34,1,1,,75774527,3210493,,,,,,,,,,,,54,1263
25-02-2019,1673.444594,2234.235188,4739,120,61,61,,76676639,4554001,,,,,,,,,3600000,,,136,1278
26-02-2019,1637.545374,3515.250134,6520,86,2,2,,79703142,5573541,,,,,,,,,,,,93,1328
27-02-2019,1567.734067,1362.525977,3353,47,1,1,,77398681,3988920,,,,,,,,,,,,66,1290
28-02-2019,1706.569827,3608.032423,6905,99,8,8,,75707350,7140302,,,,,,,,,,,,119,1262
01-03-2019,1692.627646,3952.380413,6942,92,4,4,,77630820,6823833,,,,,,,,,,,,114,1294
02-03-2019,1627.954837,2311.357346,4195,54,1,1,,77268866,5355849,,,,,,,,,,,,89,1288
03-03-2019,2049.608905,1323.97,3667,177,196,136,,67567996,3171767,,,3600000,,,,,,4500000,,,188,1126
04-03-2019,1559.12943,1889.397365,3963,60,,,,80592131,3793609,,,,,,,,,,,,63,1343
05-03-2019,2026.309991,2820.024298,6895,244,165,165,,68701429,5618890,,,,,,,,,9840000,,,258,1145
06-03-2019,1651.502102,3264.542197,6203,78,8,8,,77945969,5890340,,,,,,,,,,,,98,1299
07-03-2019,1676.864785,2684.661438,5296,73,14,14,521179,72386004,5907397,,,,,,,,,,,,107,1206
08-03-2019,1619.094972,2853.062822,5528,66,7,7,,79762023,5154742,,,,,,,,,,,,86,1329
09-03-2019,1581.749461,1744.486079,3466,42,1,1,,77704296,4307052,,,,,,,,,,,,72,1295
10-03-2019,1517.820107,2066.257181,4325,57,,,,73120311,4172462,,,,,,,,,,,,70,1219
11-03-2019,1613.87377,2611.541454,5016,69,2,2,,77712905,5036232,,,,,,,,,,,,84,1295
12-03-2019,1914.382541,2087.509191,4746,200,135,135,,67559466,4630689,,,,,,,,,8100000,,,212,1126
13-03-2019,1745.869922,2347.915626,4764,122,61,61,,76477867,4820507,,,,,,,,,3600000,,,140,1275
14-03-2019,1673.743622,3176.449657,6538,85,,,,77818284,6395193,,,,,,,,,,,,107,1297
15-03-2019,1589.944138,2735.498465,6012,68,5,5,,76771143,4493059,,,,,,,,,,,,75,1280
16-03-2019,1437.982564,587.8961505,1424,17,,,,85340687,1043742,,,,,,,,,,,,17,1422
17-03-2019,1758.423608,3883.796685,6976,101,6,6,,64788578,8317310,,,,,,,,,,,,139,1080
18-03-2019,1641.909662,1022.429972,3239,101,60,60,,76124641,2460750,,,,,,,,,3600000,,,101,1269
19-03-2019,1956.309178,3049.051514,7733,176,131,116,,72715490,5680349,,,,,,,,900000,5640000,,,204,1212
20-03-2019,1901.966231,2878.819757,8010,156,110,86,,74272164,5459386,,,,,,660000,,780000,3600000,,,175,1238
21-03-2019,1752.515136,3092.998682,6310,85,,,,73191487,8183197,,,,,,,,,,,,136,1220
22-03-2019,1677.058687,3820.978679,6520,78,3,3,,54303001,6470438,,,,,,,,,,,,108,905
23-03-2019,1506.719191,795.969418,2269,24,,,,76071269,2603966,,,,,,,,,,,,43,1268
24-03-2019,1502.789374,668.5781984,1672,19,,,,57102947,2514767,,,,,,,,,,,,42,952
25-03-2019,1765.371677,1778.819246,4963,134,90,90,,76789123,3657239,,,,,,,,,5400000,,,151,1280
26-03-2019,1679.400019,1324.513467,3340,94,45,45,,77613881,4114693,,,,,,,,,2700000,,,114,1294
27-03-2019,1958.382477,4287.502077,10006,175,97,82,,72068365,7709187,,,,,,900000,,,3600000,,,203,1201
28-03-2019,1684.934227,4705.0571,8192,97,11,11,,76666309,6649203,,,,,,,,,,,,111,1278
29-03-2019,2006.488776,2904.00724,7922,170,164,105,,71182019,4927994,,,,,,,,1200000,2280000,2340000,,179,1186
30-03-2019,1510.293699,1384.081098,2881,33,,,,74726338,2685104,,,,,,,,,,,,45,1245
31-03-2019,1923.328738,2493.700004,4652,172,143,123,1021216,69296371,4534534,,,,,,,,,4800000,1200000,,193,1155
01-04-2019,1981.252528,2630.091794,5187,162,140,96,,73145495,5971308,,,,,,,,,3000000,2640000,,194,1219
02-04-2019,1891.189062,2849.482373,5550,186,132,132,,73002806,4907194,,,,,,,,,7200000,,,202,1217
03-04-2019,1815.37821,2694.077012,5145,154,97,97,,74926694,4792319,,,,,,,,,5400000,,,170,1249
04-04-2019,1634.988246,3455.619766,6559,87,7,7,,77601627,5515498,,,,,,,,,,,,92,1293
05-04-2019,1646.21444,2525.85017,5458,72,4,4,,71877250,5770319,,,,,,,,,,,,96,1198
06-04-2019,1637.892001,2607.86807,5034,68,8,8,,77499286,5581409,,,,,,,,,,,,93,1292
07-04-2019,1532.582591,1832.276083,3912,52,2,2,,78269528,3191030,,,,,,,,,,,,53,1304
08-04-2019,1605.530657,3370.98844,6198,70,21,21,,76140487,4846851,,,,,,,,,,,,81,1269
09-04-2019,1658.322801,3096.787068,5937,77,,,,78679484,6045163,,,,,,,,,,,,101,1311
10-04-2019,1836.613606,4223.650183,8090,163,66,66,,74974982,6880260,,,,,,,,,3600000,,,175,1250
11-04-2019,1652.549002,2114.438016,4668,69,,,,79489480,5914104,,,,,,,,,,,,99,1325
12-04-2019,1624.61085,1131.675804,2574,88,60,60,,74312781,2068090,,,,,,,,,3600000,,,94,1239
13-04-2019,1519.556052,1195.582744,2744,34,,,,74272863,2895346,,,,,,,,,,,,48,1238
14-04-2019,1548.483851,2070.697989,4140,61,2,2,,78462029,3551971,,,,,,,,,,,,59,1308
15-04-2019,1686.306808,3519.089694,6701,82,4,4,,75641166,6680361,,,,,,,,,,,,111,1261
16-04-2019,1638.628181,3032.636728,5866,72,8,8,,79687409,5598118,,,,,,,,,,,,93,1328
17-04-2019,1788.985581,5508.453812,9512,107,22,16,,48980284,7723021,516797,,,,,,,,,,,137,816
18-04-2019,1403.992352,52.50605965,478,3,,,,86034398,272210,,,,,,,,,,,,5,1434
19-04-2019,1459.844834,365.9336302,1280,14,,,,75018723,1539986,,,,,,,,,,,,26,1250
20-04-2019,1572.215042,2032.237207,3211,38,,,,70835216,4090633,,,,,,,,,,,,68,1181
21-04-2019,1615.664229,1239.911441,3305,43,,,,52558027,5076870,,,,,,,,,,,,85,876
22-04-2019,1585.600739,2811.201079,5464,66,8,8,,77477903,4394471,,,,,,,,,,,,73,1291
23-04-2019,1758.619223,5116.017993,9405,124,11,11,,74837546,8321750,,,,,,,,,,,,139,1247
24-04-2019,1597.924885,2243.283661,4407,62,,,,77701983,4674211,,,,,,,,,,,,78,1295
25-04-2019,1631.094305,2583.21683,5642,71,5,5,,68718631,5427112,,,,,,,,,,,,90,1145
26-04-2019,1562.429026,1265.057457,2944,44,6,6,422825,74546128,3415287,,,,,,,,,,,,64,1242
27-04-2019,1624.194486,3361.482842,6448,77,8,8,,57198802,5270497,,,,,,,,,,,,88,953
28-04-2019,1449.031685,498.6897955,1184,14,,,,83065625,1294541,,,,,,,,,,,,22,1384
29-04-2019,2134.84425,4084.097505,8064,261,170,170,,67141634,8296593,,,,,,,,,9600000,,,298,1119
30-04-2019,1533.588907,1828.571134,3862,51,3,3,,81245501,3213876,,,,,,,,,,,,54,1354
01-05-2019,1505.263461,1102.342947,1802,17,3,3,,57908695,2461656,,,,,,,,,,,,41,965
02-05-2019,1448.614619,265.001166,789,8,,,,83663973,1285075,,,,,,,,,,,,21,1394
03-05-2019,1607.032501,1541.94861,3149,45,,,,77708740,4880940,,,,,,,,,,,,81,1295
04-05-2019,1775.586762,2406.070377,6337,81,75,55,,47341576,4247918,,,,,,,,1200000,1740000,,,120,789
05-05-2019,1744.911209,2677.810309,4252,64,,,,69828424,7818134,,,,,,,,,,,,130,1164
06-05-2019,1665.513666,3288.591429,6597,92,7,7,,74576038,6208383,,,,,,,,,,,,103,1243
07-05-2019,1655.088912,3545.571874,6769,86,2,2,,76637589,5971758,,,,,,,,,,,,100,1277
08-05-2019,2110.836445,4722.813411,8601,276,182,182,,67405962,7213673,,,,,,,,,10200000,,,290,1123
09-05-2019,1845.081137,5972.012616,10820,143,9,9,,71186951,10284316,,,,,,,,,,,,171,1186
10-05-2019,1516.804687,1337.184272,3143,38,2,2,,78901661,2832895,,,,,,,,,,,,47,1315
11-05-2019,1458.169331,374.8411188,1445,13,,,,83787275,1501953,,,,,,,,,,,,25,1396
12-05-2019,1499.45661,1678.98157,3200,38,4,4,,76896724,2439119,,,,,,,,,,,,41,1282
13-05-2019,1764.9919,2662.588662,6289,151,80,80,,71301497,4398053,,,,,,,,,4560000,,,149,1188
14-05-2019,2167.736887,4723.831897,8902,313,226,226,,65743110,6366666,,,,,,,,,12600000,,,316,1096
15-05-2019,1637.199143,3364.176925,7042,94,9,9,,71650574,5565684,,,,,,,,,,,,93,1194
16-05-2019,1851.171081,3817.741903,8128,143,90,50,,62664112,5262397,,,,,,,,,,,2400000,128,1044
17-05-2019,1568.348561,2031.299653,4862,67,,,,75821702,4002870,,,,,,,,,,,,67,1264
18-05-2019,2109.765847,6107.388495,15472,176,153,108,,72307827,6867637,,,,,,900000,,1800000,1500000,,,184,1205
19-05-2019,1692.500291,4099.138752,7839,95,20,20,,73920185,6820943,,,,,,,,,,,,114,1232
20-05-2019,1621.753013,3373.009592,6086,79,4,4,,79391534,5215077,,,,,,,,,,,,87,1323
21-05-2019,1600.356444,3101.192747,6135,76,11,11,,78747496,4465346,,,,,,,,,,,,74,1312
22-05-2019,1822.585161,3332.024307,6718,160,90,90,,70177704,5062911,,,,,,,,,4800000,,,164,1170
23-05-2019,1647.733312,3533.217338,6992,93,9,9,,77503744,5461303,,,,,,,,,,,,91,1292
24-05-2019,1601.996605,2789.374567,5294,70,1,1,,80363554,4444825,,,,,,,,,,,,74,1339
25-05-2019,1555.009143,1588.27189,3000,42,1,1,,69158122,3400554,,,,,,,,,,,,57,1153
26-05-2019,1578.703846,2752.232164,5318,63,11,11,,74228095,3927161,,,,,,,,,,,,65,1237
27-05-2019,1644.21557,2748.573524,6078,74,8,8,,74818406,5383126,,,,,,,,,,,,90,1247
28-05-2019,1531.715591,1798.291984,4033,50,2,2,,78405187,2882869,,,,,,,,,,,,48,1307
29-05-2019,1602.139643,2862.501206,5387,70,5,5,,78282532,4448005,,,,,,,,,,,,74,1305
30-05-2019,1581.532715,2300.784935,4838,63,2,2,,79091331,3990028,,,,,,,,,,,,67,1318
31-05-2019,1649.160984,3741.697617,6983,85,16,16,,48014592,5493035,,,,,,,,,,,,92,800
01-06-2019,1427.454693,134.8143696,745,3,,,,80091931,565719,,,,,,,,,,,,9,1335
02-06-2019,1448.572358,388.7073505,1698,20,,,,49798268,1035048,,,,,,,,,,,,17,830
03-06-2019,1544.267503,1394.386851,3142,44,2,2,,79095896,3161829,,,,,,,,,,,,53,1318
04-06-2019,1605.665153,2402.757297,4716,64,2,2,,79304294,4526359,,,,,,,,,,,,75,1322
05-06-2019,1495.087172,1706.190351,2883,33,7,7,,82269347,2068817,,,,,,,,,,,,34,1371
06-06-2019,1555.112261,2038.753828,4811,57,3,3,,76349445,3402845,,,,,,,,,,,,57,1272
07-06-2019,1649.324074,3154.523575,6202,83,,,,77593817,5182982,134924,,,,,,,,,,,89,1293
08-06-2019,1602.612367,1522.880593,3634,41,,,,63054750,4458514,,,,,,,,,,,,74,1051
09-06-2019,1685.639596,4232.581498,8137,93,8,8,,76819997,6303755,,,,,,,,,,,,105,1280
10-06-2019,1440.41745,332.6193275,899,10,,,,84547956,853812,,,,,,,,,,,,14,1409
11-06-2019,1483.107013,1019.254677,2421,35,,,,82851691,1802567,,,,,,,,,,,,30,1381
12-06-2019,1474.285623,737.6591873,2309,32,,,,78887442,1606516,,,,,,,,,,,,27,1315
13-06-2019,1561.362278,2031.520888,4023,47,8,8,,79863138,3541750,,,,,,,,,,,,59,1331
14-06-2019,1791.751358,3226.388065,6636,79,5,5,,47052140,8662034,,,,,,,,,,,,144,784
15-06-2019,1401.999847,,138,,,,,86400000,,,,,,,,,,,,,0,1440
16-06-2019,1458.221767,299.2047138,2435,22,,,,52020250,1249503,,,,,,,,,,,,21,867
17-06-2019,1626.425907,3455.833665,7124,85,13,13,,77434268,4987757,,,,,,,,,,,,83,1291
18-06-2019,1598.610612,2544.399034,5105,65,7,7,,78927246,4369578,,,,,,,,,,,,73,1315
19-06-2019,1495.467121,1202.476217,2939,39,2,2,,81022897,2077263,,,,,,,,,,,,35,1350
20-06-2019,1574.61439,2264.081452,4377,56,5,5,,77769619,3836276,,,,,,,,,,,,64,1296
21-06-2019,1505.504827,1509.562915,3520,44,2,2,,78493451,2300343,,,,,,,,,,,,38,1308
22-06-2019,1465.942824,672.3682923,2774,33,,,,79909464,1421099,,,,,,,,,,,,24,1332
23-06-2019,1583.463571,1223.9943,3806,46,1,1,,79285629,4032941,,,,,,,,,,,,67,1321
24-06-2019,1568.823671,2359.057574,4707,57,4,4,,80827400,3707576,,,,,,,,,,,,62,1347
25-06-2019,1556.416147,2586.333495,4570,52,15,15,,80760530,3431826,,,,,,,,,,,,57,1346
26-06-2019,1519.941828,1513.377457,3545,50,1,1,,80787437,2621200,,,,,,,,,,,,44,1346
27-06-2019,1560.852045,1662.422609,4270,63,,,,47589618,3530410,,,,,,,,,,,,59,793
28-06-2019,1719.347781,3673.71533,7773,107,6,6,,74913759,7019597,,,,,,,,,,,,117,1249
29-06-2019,1564.566195,1489.06244,3696,37,2,2,,74171004,3612957,,,,,,,,,,,,60,1236
30-06-2019,1499.270064,677.5943424,2797,21,,,,56558815,2161781,,,,,,,,,,,,36,943
01-07-2019,1518.238772,2045.895847,4081,39,7,7,,73194199,2583350,,,,,,,,,,,,43,1220
02-07-2019,1457.324186,187.3497014,992,5,,,,75491563,1229554,,,,,,,,,,,,20,1258
03-07-2019,1445.637282,530.7306542,1549,11,4,4,,74001315,969819,,,,,,,,,,,,16,1233
04-07-2019,1476.613455,1202.007013,2701,25,5,5,,76778363,1658248,,,,,,,,,,,,28,1280
05-07-2019,1427.214949,142.8790627,1561,14,,,,81372752,560393,,,,,,,,,,,,9,1356
06-07-2019,1419.952152,48.18203092,701,2,,,,80661743,398980,,,,,,,,,,,,7,1344
07-07-2019,1473.289106,246.6221504,868,16,8,8,563952,80912437,980029,,,,,,,,,,,,26,1349
08-07-2019,1460.991043,140.2220627,1664,11,,,,79885254,1311048,,,,,,,,,,,,22,1331
09-07-2019,1445.650103,15.44295883,1899,19,13,13,857990,83947794,50670,,,,,,,,,,,,15,1399
10-07-2019,1568.021143,3480.156109,4024,48,17,17,651071,72280752,2992045,,,,,,,,,,,,61,1205
11-07-2019,1603.859478,2440.151781,5211,56,9,9,,68375856,4486229,,,,,,,,,,,,75,1140
12-07-2019,1448.285235,151.9587128,1182,9,,,,77370959,1028668,,,,,,,,,,,,17,1290
13-07-2019,1447.539939,412.3639112,1446,11,,,,81496160,1012105,,,,,,,,,,,,17,1358
14-07-2019,1450.81394,180.3737534,1128,12,,,69301,81944147,1010603,,,,,,,,,,,,18,1366
15-07-2019,1546.226057,1216.549078,2822,49,22,22,1115595,80565725,2009867,,,,,,,,,,,,52,1343
16-07-2019,1502.705345,733.8790002,1957,35,13,13,785715,74209756,1396146,,,,,,,,,,,,36,1237
17-07-2019,1526.086755,1706.78444,3800,39,5,5,,77291782,2757768,,,,,,,,,,,,46,1288
18-07-2019,1762.814158,3584.421154,8430,108,8,8,,71335257,8018917,,,,,,,,,,,,134,1189
19-07-2019,1581.046997,1614.420595,3947,55,4,4,276423,80411631,3459749,96036,,,,,,,,,,,64,1340
20-07-2019,1412.187052,57.4478054,628,5,,,,84507826,226403,,,,,,,,,,,,4,1408
21-07-2019,1465.151706,1230.483264,2527,25,3,3,,84957465,1403517,,,,,,,,,,,,23,1416
22-07-2019,1754.877047,5323.321795,10303,127,16,16,,69706538,7818940,,,,,,,,,,,,130,1162
23-07-2019,1608.851886,2655.43113,5464,68,2,2,,77276539,4597184,,,,,,,,,,,,77,1288
24-07-2019,1758.864607,2576.039778,5508,80,15,15,850331,73016380,6955874,,,,,,,,,,,,130,1217
25-07-2019,1426.907358,273.6912193,1363,14,,,,80092311,553555,,,,,,,,,,,,9,1335
26-07-2019,1459.385188,1067.080198,2583,24,8,8,,73259058,1275358,,,,,,,,,,,,21,1221
27-07-2019,1679.624345,1728.114159,3681,49,,,,69069394,6170067,,,,,,,,,,,,103,1151
28-07-2019,1428.432696,239.005537,910,7,,,,63361327,587454,,,,,,,,,,,,10,1056
29-07-2019,1614.02858,2843.872401,5989,71,5,5,,68970406,4710662,,,,,,,,,,,,79,1150
30-07-2019,1402.000003,1815.062664,6540,84,4,4,,82524653,,,,,,,,,,,,,0,1375
31-07-2019,1403.002689,413.0219737,1462,13,1,1,,83933473,22284,,,,,,,,,,,,0,1399
01-08-2019,1401.999888,,737,8,,,,86400000,,,,,,,,,,,,,0,1440
02-08-2019,1404.243184,22.23785973,3039,31,9,9,,84965941,49857,,,,,,,,,,,,1,1416
03-08-2019,1404.752397,37.06310081,1873,20,,,,84270366,61170,,,,,,,,,,,,1,1405
04-08-2019,1408.662677,48.18202853,1736,14,2,2,,83324930,148075,,,,,,,,,,,,2,1389
05-08-2019,1443.943998,451.5939436,1478,16,3,3,,80612347,932187,,,,,,,,,,,,16,1344
06-08-2019,1401.999978,434.3162677,1278,13,,,,83375366,,,,,,,,,,,,,0,1390
07-08-2019,1452.714802,521.7061682,4323,56,1,1,,83649810,1127113,,,,,,,,,,,,19,1394
08-08-2019,1482.972486,686.5059038,1434,15,1,1,,69661484,1799575,,,,,,,,,,,,30,1161
09-08-2019,1577.5147,2513.153614,10765,132,17,17,,72140127,3900729,,,,,,,,,,,,65,1202
10-08-2019,1429.405741,493.2931173,7467,86,18,18,,84728556,609082,,,,,,,,,,,,10,1412
11-08-2019,1424.373695,371.3135228,1514,17,1,1,,84717789,497247,,,,,,,,,,,,8,1412
12-08-2019,1402.000021,,2706,35,,,,86360931,,,,,,,,,,,,,0,1439
13-08-2019,1401.999998,,6179,84,3,3,,86270847,,,,,,,,,,,,,0,1438
14-08-2019,1401.99995,,1579,21,,,,80313995,,,,,,,,,,,,,0,1339
15-08-2019,1486.056377,1164.843374,11921,156,16,16,,81282249,1868113,,,,,,,,,,,,31,1355
16-08-2019,1505.336488,1351.864985,6750,83,6,6,,83181310,2296604,,,,,,,,,,,,38,1386
17-08-2019,1449.153833,820.4819831,4676,60,3,3,,85198213,1047971,,,,,,,,,,,,17,1420
18-08-2019,1420.155342,124.6421968,1913,23,,,,85572035,403493,,,,,,,,,,,,7,1426
19-08-2019,1437.41644,441.2968306,3601,42,7,7,,83445397,787116,,,,,,,,,,,,13,1391
20-08-2019,1401.999978,,4784,57,16,16,,80047243,,,,,,,,,,,,,0,1334
21-08-2019,1418.484891,175.5841564,3891,44,8,8,,83928393,366370,,,,,,,,,,,,6,1399
22-08-2019,1649.593313,4730.064163,7843,87,16,16,,76465752,5502642,,,,,,,,,,,,92,1274
23-08-2019,1411.895677,98.21721458,4214,56,1,1,,86117726,219926,,,,,,,,,,,,4,1435
24-08-2019,1415.11561,29.8590374,2673,33,,,,86108510,291490,,,,,,,,,,,,5,1435
25-08-2019,1421.380054,129.8950496,2555,32,,,,84916665,430714,,,,,,,,,,,,7,1415
26-08-2019,1410.9355,141.5590763,5491,67,2,2,,86056519,198587,,,,,,,,,,,,3,1434
27-08-2019,1433.789693,552.3981801,5823,72,9,9,,83259018,706512,,,,,,,,,,,,12,1388
28-08-2019,1619.063607,3855.0716,8792,105,7,7,,79922404,4824133,,,,,,,,,,,,80,1332
29-08-2019,1559.766598,1172.976039,7201,113,31,31,1530580,81341615,1866101,,,,,,,,,,,,57,1356
30-08-2019,1618.198015,4353.388245,9065,106,22,22,,77604042,4804898,,,,,,,,,,,,80,1293
31-08-2019,1568.475053,3371.247213,9426,114,9,9,,82571488,3699828,,,,,,,,,,,,62,1376
01-09-2019,1401.99999,,1190,16,,,,80685748,,,,,,,,,,,,,0,1345
02-09-2019,1401.999988,,3564,41,9,9,,86083455,,,,,,,,,,,,,0,1435
03-09-2019,1457.496493,873.1619098,7365,93,6,6,,84573023,1233384,,,,,,,,,,,,21,1410
04-09-2019,1565.33953,1946.375178,10129,128,16,16,,72193710,3490271,60165,,,,,,,,,,,59,1203
05-09-2019,1618.223447,3153.9064,8167,100,20,20,,76255046,4805464,,,,,,,,,,,,80,1271
06-09-2019,1423.146427,571.8406191,4188,54,5,5,,84746835,469970,,,,,,,,,,,,8,1412
07-09-2019,1401.999946,,210,1,,,,86400000,,,,,,,,,,,,,0,1440
08-09-2019,1449.37365,960.8933836,2381,28,3,3,,85022529,1052856,,,,,,,,,,,,18,1417
09-09-2019,1546.705311,3084.69975,5296,59,12,12,,80291210,3216005,,,,,,,,,,,,54,1338
10-09-2019,1464.927138,1017.097436,3701,46,9,9,,84133048,1398525,,,,,,,,,,,,23,1402
11-09-2019,1472.715967,1492.56048,8077,91,24,24,,81602270,1571629,,,,,,,,,,,,26,1360
12-09-2019,1722.171219,6723.280265,15708,179,61,61,,75918492,7109040,,,,,,,,,,,,118,1265
13-09-2019,1621.771736,5449.025577,8391,92,26,26,,74433192,4867590,,,,,,,,,,,,81,1241
14-09-2019,1617.214111,4179.907471,9565,110,16,14,,81182824,4783030,,,,,,,,,,,,80,1353
15-09-2019,1408.367258,128.7907791,2442,29,,,,86135090,141511,,,,,,,,,,,,2,1436
16-09-2019,1512.024133,2243.538097,7506,86,27,27,,82101083,2443826,,,,,,,,,,,,41,1368
17-09-2019,1520.668379,2689.026026,7876,92,21,21,,83090365,2618862,,,,,,,,,,,,44,1385
18-09-2019,1509.57453,1911.478727,8927,99,34,34,,82619743,2390795,,,,,,,,,,,,40,1377
19-09-2019,1471.790276,1277.822979,7401,93,11,11,,79768529,1551056,,,,,,,,,,,,26,1329
20-09-2019,1499.010167,3746.550925,8767,107,46,41,807752,83913518,1290407,,,,,,,,,,,,35,1399
21-09-2019,1469.570788,742.9189761,1468,19,1,1,,81172099,1501730,,,,,,,,,,,,25,1353
22-09-2019,1538.523041,2891.380345,2479,61,31,31,1985736,83133990,905434,,,,,,,,,,,,48,1386
23-09-2019,1402.000029,,5715,64,16,16,,83622407,,,,,,,,,,,,,0,1394
24-09-2019,1422.047999,243.2144912,5692,71,8,7,,73895189,442498,,,,,,,,,,,,7,1232
25-09-2019,1492.961139,1281.529255,11709,142,36,36,,82757945,2021571,,,,,,,,,,,,34,1379
26-09-2019,1419.501888,173.6145447,1996,23,1,1,,85735322,388975,,,,,,,,,,,,6,1429
27-09-2019,1451.452006,881.0684868,7088,90,22,22,,83308629,1099049,,,,,,,,,,,,18,1388
28-09-2019,1522.436993,2621.977261,5221,63,5,5,,83589059,2676656,,,,,,,,,,,,45,1393
29-09-2019,1442.448394,570.3872097,2126,24,2,2,,85501053,898947,,,,,,,,,,,,15,1425
30-09-2019,1444.082117,866.0772513,9038,112,32,32,,85433908,935256,,,,,,,,,,,,16,1424
01-10-2019,1401.999952,,6413,77,20,20,,83508578,,,,,,,,,,,,,0,1392
02-10-2019,1402.000019,,7698,91,19,19,,84693124,,,,,,,,,,,,,0,1412
03-10-2019,1407.927761,56.21236992,10178,127,18,18,,66886512,131743,,,,,,,,,,,,2,1115
04-10-2019,1401.999956,,6065,75,20,20,,86400000,,,,,,,,,,,,,0,1440
05-10-2019,1402.000015,,3225,41,4,4,,86400000,,,,,,,,,,,,,0,1440
06-10-2019,1429.743372,272.0779482,2068,31,,,,80537400,616585,,,,,,,,,,,,10,1342
07-10-2019,1463.763535,1077.894078,4267,46,11,11,,84522486,1372666,,,,,,,,,,,,23,1409
08-10-2019,1523.124469,1778.800759,8899,101,32,29,,83051009,2691934,,,,,,,,,,,,45,1384
09-10-2019,1461.695929,406.7532107,6651,86,18,18,,84240089,1326713,,,,,,,,,,,,22,1404
10-10-2019,1478.726589,434.0240669,6232,78,8,8,,84022092,1705211,,,,,,,,,,,,28,1400
11-10-2019,1493.192886,1658.560099,6572,81,23,23,,82829541,2026719,,,,,,,,,,,,34,1380
12-10-2019,1541.142053,2672.554706,11139,121,53,53,,82837571,2952485,60168,,,,,,,,,,,50,1381
13-10-2019,1404.707994,12.972085,385,2,,,,86339816,60184,,,,,,,,,,,,1,1439
14-10-2019,1401.999966,,4221,52,16,16,,79223025,,,,,,,,,,,,,0,1320
15-10-2019,1407.742249,46.23856354,7717,91,21,21,,86090043,127620,,,,,,,,,,,,2,1435
16-10-2019,1525.287061,2758.701687,5380,58,18,18,,81982616,2728572,,,,,,,,,,,,45,1366
17-10-2019,1405.413591,,6173,67,23,23,,86324134,75866,,,,,,,,,,,,1,1439
18-10-2019,1401.999939,,4445,55,6,6,,86400000,,,,,,,,,,,,,0,1440
19-10-2019,1464.859821,982.4642609,7200,76,21,15,,84742965,1397031,,,,,,,,,,,,23,1412
20-10-2019,1402.000022,,491,6,,,,86366643,,,,,,,,,,,,,0,1439
21-10-2019,1402.000023,,4506,52,14,14,,86400000,,,,,,,,,,,,,0,1440
22-10-2019,1474.294397,1590.350055,7710,89,31,25,,81075031,1606706,,,,,,,,,,,,27,1351
23-10-2019,1402.000031,,5882,66,18,18,,86400000,,,,,,,,,,,,,0,1440
24-10-2019,1402.000023,,10052,119,29,29,,86400000,,,,,,,,,,,,,0,1440
25-10-2019,1402.000021,,6723,76,30,30,,86400000,,,,,,,,,,,,,0,1440
26-10-2019,1429.801366,84.93693447,1446,19,,,,85225585,617873,,,,,,,,,,,,10,1420
27-10-2019,1699.974888,6642.562205,10105,115,55,55,419437,77604030,6165712,,,,,,,,,,,,110,1293
28-10-2019,1449.414541,3689.819284,9994,112,33,33,,82962726,1051031,,,,,,,,,,,,18,1383
29-10-2019,1472.830848,3035.759697,4798,62,9,9,,80710596,1562404,,,,,,,,,,,,26,1345
30-10-2019,1463.339199,4297.618212,6636,73,29,29,,83548114,1363235,,,,,,,,,,,,23,1392
31-10-2019,1402.000003,2194.355199,3572,39,14,14,,86400000,,,,,,,,,,,,,0,1440
01-11-2019,1420.366628,2285.988596,3878,41,8,8,,85930771,408190,,,,,,,,,,,,7,1432
02-11-2019,1401.999998,997.1314954,1750,22,1,1,,82361571,,,,,,,,,,,,,0,1373
03-11-2019,1604.999949,400.7937146,908,68,60,60,,78241246,,,,,,,,,,3600000,,,60,1304
04-11-2019,1432.844161,3695.505277,6065,80,12,12,,84548323,685497,,,,,,,,,,,,11,1409
05-11-2019,1402.00001,2473.698953,4094,49,4,4,,86400000,,,,,,,,,,,,,0,1440
06-11-2019,1511.425102,4791.73267,7723,117,67,65,,83742501,557499,,,,,,,,,2100000,,,44,1396
07-11-2019,1405.115686,3684.865027,5845,68,21,20,,85873760,69245,,,,,,,,,,,,1,1431
08-11-2019,1493.322081,4377.885771,6648,82,24,23,,82169142,1732757,127680,,,,,,,,,,,31,1369
09-11-2019,1444.96609,2213.585724,3714,47,12,12,,83609939,954903,,,,,,,,,,,,16,1393
10-11-2019,1433.207864,5760.824872,8899,97,37,37,,84280214,693583,,,,,,,,,,,,12,1405
11-11-2019,1484.665819,3979.898578,6034,66,27,27,,82385130,1837208,,,,,,,,,,,,31,1373
12-11-2019,1558.002159,3496.251487,5577,65,26,26,,78382046,3467075,,,,,,,,,,,,58,1306
13-11-2019,1416.686608,4614.616986,7389,86,22,22,,84919104,326404,,,,,,,,,,,,5,1415
14-11-2019,1478.822132,3772.607122,5932,63,29,29,,81795607,1706853,,,,,,,,,,,,28,1363
15-11-2019,1493.382101,3535.402366,5755,69,17,17,,81515144,2030925,,,,,,,,,,,,34,1359
16-11-2019,1517.357688,6457.110887,9816,100,60,60,,83154429,2563772,,,,,,,,,,,,43,1386
17-11-2019,1639.180751,5540.705853,9093,106,24,23,,79369470,4708340,242121,,,,,,,,,,,83,1323
18-11-2019,1408.213702,3383.956943,5765,76,3,3,,85849295,138098,,,,,,,,,,,,2,1431
19-11-2019,1621.048045,7589.591305,11120,123,40,40,,76187561,4868236,,,,,,,,,,,,81,1270
20-11-2019,1401.999993,2971.154014,4993,60,3,3,,86400000,,,,,,,,,,,,,0,1440
21-11-2019,1578.629562,3773.641344,6113,66,24,24,,80469126,3925510,,,,,,,,,,,,65,1341
22-11-2019,1402.000021,3621.557951,5773,71,17,17,,85552410,,,,,,,,,,,,,0,1426
23-11-2019,1401.999922,2730.245298,4456,48,16,16,,64441559,,,,,,,,,,,,,0,1074
24-11-2019,1480.115099,3621.344908,5795,59,26,26,,84558018,1736072,,,,,,,,,,,,29,1409
25-11-2019,1401.999989,3577.377786,5848,71,13,13,,65651864,,,,,,,,,,,,,0,1094
26-11-2019,1567.416865,2317.23717,3592,49,3,3,,45281458,3674535,,,,,,,,,,,,61,755
27-11-2019,1686.734481,6338.145187,9402,117,16,12,,69954213,6316116,,,,,,,,,,,,105,1166
28-11-2019,1446.002637,963.6469636,1764,18,2,2,,68425522,977937,,,,,,,,,,,,16,1140
29-11-2019,1476.830463,4948.003417,7425,86,24,24,,74776489,1643766,,,,,,,,,,,,27,1246
30-11-2019,1408.770722,1006.678326,1889,24,1,1,,75255309,150476,,,,,,,,,,,,3,1254
01-12-2019,1402.00001,1003.388669,1673,18,4,4,,86268351,,,,,,,,,,,,,0,1438
02-12-2019,1401.999955,3726.410939,5931,67,24,24,,62375178,,,,,,,,,,,,,0,1040
03-12-2019,1437.498276,2540.439392,4359,52,8,8,,77448801,788935,,,,,,,,,,,,13,1291
04-12-2019,1480.602725,4074.146513,6444,76,14,14,,75479977,1746910,,,,,,,,,,,,29,1258
05-12-2019,1404.912143,2234.764397,3636,41,12,12,,81889119,64720,,,,,,,,,,,,1,1365
06-12-2019,1467.695181,2754.470587,4547,55,9,9,,83821574,1460044,,,,,,,,,,,,24,1397
07-12-2019,1402.000009,582.6853203,1155,15,,,,81988982,,,,,,,,,,,,,0,1366
08-12-2019,1406.813604,527.6724455,1002,12,1,1,,86293020,106980,,,,,,,,,,,,2,1438
09-12-2019,1514.973141,5069.927581,7560,85,31,31,,83654747,2508595,,,,,,,,,,,,42,1394
10-12-2019,1485.825781,2955.803237,4501,48,19,19,,82070497,1862989,,,,,,,,,,,,31,1368
11-12-2019,1402.000005,2596.536651,4180,46,14,14,,86400000,,,,,,,,,,,,,0,1440
12-12-2019,1424.592517,2643.373051,4207,46,16,16,,85325681,502111,,,,,,,,,,,,8,1422
13-12-2019,1554.177738,3321.254709,5294,56,22,22,,77067126,3382079,,,,,,,,,,,,56,1284
14-12-2019,1620.680711,4474.038239,7020,127,68,68,2670552,76857144,1998277,,,,,,,,,,,,78,1281
15-12-2019,1459.663645,1048.045329,1877,20,,,,84981047,1281550,,,,,,,,,,,,21,1416
16-12-2019,1407.26727,4405.484498,6834,71,40,40,,86075511,117063,,,,,,,,,,,,2,1435
17-12-2019,1402.000014,3297.486525,5232,60,26,26,,64338794,,,,,,,,,,,,,0,1072
18-12-2019,1610.843908,4935.454132,7710,98,25,25,,79374101,4166961,,,,70863,,,,,,,,71,1323
19-12-2019,1414.182184,6709.33276,10093,102,64,58,,86026252,270744,,,,,,,,,,,,5,1434
20-12-2019,1498.804848,1469.451726,2528,31,2,2,,78415181,1961909,79028,,,,,,,,,,,34,1307
21-12-2019,1867.642317,3905.767862,6168,78,36,36,,80976925,4172138,,,,760922,,,,,,,,82,1350
22-12-2019,1444.23443,776.0911832,1421,13,2,2,,83285601,1185651,,,,,,,,,,,,20,1388
23-12-2019,1787.293857,7204.981076,10492,118,47,47,,71827301,8972628,,,,,,,,,,,,150,1197
24-12-2019,1710.516825,9479.142624,13798,145,80,80,,69385044,7229892,,,,,,,,,,,,120,1156
25-12-2019,1495.492546,2672.672034,4280,44,21,21,,83501541,2349139,,,,,,,,,,,,39,1392
26-12-2019,1713.125745,886.5493306,1434,30,15,15,,83255890,678995,,,,777536,,,,,,,,24,1388
27-12-2019,1585.274856,287.0183021,601,10,6,6,,80491485,747406,,,,450152,,,,,,,,20,1342
28-12-2019,1556.849384,594.5380586,2397,93,99,93,,82879037,360951,665141,,,,,,,,2052591,,,51,1381
29-12-2019,1804.493284,275.30134,4436,39,66,33,,83165446,326709,,,,,,1980000,,,,,,38,1386
30-12-2019,1436.415358,678.0500923,1129,9,5,4,,84121852,478384,227399,,,,,,,,,,,12,1402
31-12-2019,1584.748641,4178.125121,6572,69,22,22,,72560491,3818296,239009,,,,,,,,,,,68,1209
01-01-2020,1532.46083,2993.86893,4844,55,5,5,,80318670,2989646,85254,,,,,,,,,,,51,1339
02-01-2020,1524.953958,2811.7998,4554,54,15,15,,79013205,2860329,67622,,,,,,,,,,,49,1317
03-01-2020,1952.781174,4174.134647,6598,128,112,72,600000,73012108,6063133,,,,,2400000,,,,,,,151,1217
04-01-2020,1467.567456,1673.131859,2769,31,4,4,,83155483,1504112,90639,,,,,,,,,,,27,1386
05-01-2020,1510.168499,3305.796511,5187,61,24,24,,78036064,2682265,,,,,,,,,,,,45,1301
06-01-2020,1587.796713,3821.669399,5950,66,19,19,,80535010,4444316,,,,,,,,,,,,74,1342
07-01-2020,1538.17223,2417.590708,3751,46,15,15,,79602898,3317910,,,,,,,,,,,,55,1327
08-01-2020,1542.809054,3425.334191,5369,63,26,26,,79645146,3423161,,,,,,,,,,,,57,1327
09-01-2020,1511.769964,2704.883621,4264,52,20,20,,80350172,2718616,,,,,,,,,,,,45,1339
10-01-2020,1754.720627,8001.176991,11966,125,69,69,,76627155,8159866,31502,,,,,,,,,,,137,1277
11-01-2020,1433.953285,1130.316319,1798,21,4,4,,84972944,936727,,,,,,,,,,,,16,1416
12-01-2020,1724.754253,6668.455301,10437,112,51,51,,77511006,7553061,,,,,,,,,,,,126,1292
13-01-2020,1614.265035,4029.77296,6414,73,25,25,,76845490,5045111,,,,,,,,,,,,84,1281
14-01-2020,1606.488563,4043.930417,6507,75,18,18,,77136065,4868597,,,,,,,,,,,,81,1286
15-01-2020,1658.079208,4035.921434,6418,76,30,30,,74320414,6039635,,,,,,,,,,,,101,1239
16-01-2020,1509.52492,2754.113692,4431,52,15,15,,79954627,2667656,,,,,,,,,,,,44,1333
17-01-2020,1731.217831,8104.05618,11822,132,13,13,,75445881,7699781,,,,,,,,,,,,128,1257
18-01-2020,1640.393394,5404.05452,8418,94,33,33,,79316366,5638189,,,,,,,,,,,,94,1322
19-01-2020,1513.800977,3266.233727,5002,51,27,27,,83484148,2764715,,,,,,,,,,,,46,1391
20-01-2020,1397.727501,246.8327101,457,4,,,,85467953,130008,,,,,,,,,,,,2,1424
21-01-2020,1598.901954,3912.081851,6071,65,26,26,,78779618,4696391,,,,,,,,,,,,78,1313
22-01-2020,1548.03154,5670.116326,8719,96,38,38,,79562680,3541369,,,,,,,,,,,,59,1326
23-01-2020,1531.025605,3665.751881,5760,72,22,22,,80307760,3155693,,,,,,,,,,,,53,1338
24-01-2020,1531.10142,3297.87579,5140,60,24,24,,80591610,3157412,,,,,,,,,,,,53,1343
25-01-2020,1645.600734,5864.06683,9048,104,45,45,,78144930,5756390,,,,,,,,,,,,96,1302
26-01-2020,1415.67897,496.7546189,851,9,,,,85010891,537481,,,,,,,,,,,,9,1417
27-01-2020,1815.017801,7654.058539,11894,137,48,48,,50465804,9601923,,,,,,,,,,,,160,841
28-01-2020,1593.108511,4427.684398,6790,79,26,25,,79724311,4564887,,,,,,,,,,,,76,1329
29-01-2020,1673.017053,4465.590055,6910,72,32,32,,75096319,6378701,,,,,,,,,,,,106,1252
30-01-2020,1697.704455,6689.858885,10328,112,50,50,,73049039,6939071,,,,,,,,,,,,116,1217
31-01-2020,1549.871652,2996.302269,4812,56,13,13,,78818228,3583471,,,,,,,,,,,,60,1314
01-02-2020,1575.192759,2993.074683,4944,57,15,15,,75125118,4158224,,,,,,,,,,,,69,1252
02-02-2020,1404.660082,477.5603383,870,7,1,1,,85776410,287368,,,,,,,,,,,,5,1430
03-02-2020,1666.945258,4931.147775,7713,86,28,28,,70216904,6240882,,,,,,,,,,,,104,1170
04-02-2020,1572.285196,3230.858261,5150,60,16,14,,77088976,4092227,,,,,,,,,,,,68,1285
05-02-2020,1543.324599,2540.374421,4050,47,16,16,,78914556,3434861,,,,,,,,,,,,57,1315
06-02-2020,1570.612026,2916.406988,4580,56,16,16,,78873335,4054247,,,,,,,,,,,,68,1315
07-02-2020,1516.361658,2919.380542,4552,52,23,23,,77468595,2822839,,,,,,,,,,,,47,1291
08-02-2020,1565.324355,4031.757082,6269,68,29,29,,81412846,3934224,,,,,,,,,,,,66,1357
09-02-2020,1413.840566,620.3542105,1223,13,,,,85248998,495752,,,,,,,,,,,,8,1421
10-02-2020,1584.80254,4060.039832,6351,70,29,29,,79066664,4376353,,,,,,,,,,,,73,1318
11-02-2020,1594.082163,4453.377789,7006,83,23,23,,76779429,4586988,,,,,,,,,,,,76,1280
12-02-2020,1611.971708,5637.851967,8768,98,44,44,,78090751,4993056,,,,,,,,,,,,83,1302
13-02-2020,1634.904482,5497.480797,8378,92,42,42,,78541928,5513603,,,,,,,,,,,,92,1309
14-02-2020,1821.598015,9297.40868,14141,151,74,74,,74074598,9751283,,,,,,,,,,,,163,1235
15-02-2020,1595.623293,4408.707265,6931,77,24,24,,80465298,4621970,,,,,,,,,,,,77,1341
16-02-2020,1715.439939,5854.099688,9287,103,16,16,,76928190,7341641,,,,,,,,,,,,122,1282
17-02-2020,1619.53562,4651.818268,7422,83,29,29,,77113564,5164747,,,,,,,,,,,,86,1285
18-02-2020,1582.3289,4087.145994,6337,76,29,29,,78708264,4320208,,,,,,,,,,,,72,1312
19-02-2020,1572.233456,3740.323913,6035,67,24,24,,77131618,4091052,,,,,,,,,,,,68,1286
20-02-2020,1625.223147,4866.64672,7666,95,26,26,,79358849,5293847,,,,,,,,,,,,88,1323
21-02-2020,1638.875882,5320.437156,8332,91,42,42,,75705528,5603746,,,,,,,,,,,,93,1262
22-02-2020,1650.372714,5451.776678,8507,95,40,40,,77759584,5864707,,,,,,,,,,,,98,1296
23-02-2020,1530.282495,5900.801242,9151,100,30,30,,76879084,3138825,,,,,,,,,,,,52,1281
24-02-2020,1585.787501,4904.215083,7586,85,36,36,,73767327,4398710,,,,,,,,,,,,73,1229
25-02-2020,1582.715914,3727.760703,5890,67,23,23,,76213323,4328990,,,,,,,,,,,,72,1270
26-02-2020,1632.150316,5018.536454,7641,81,40,40,,77359392,5451082,,,,,,,,,,,,91,1289
27-02-2020,1638.584966,6337.018969,9804,113,35,35,,77879072,5597142,,,,,,,,,,,,93,1298
28-02-2020,1615.160926,3434.187219,5565,62,21,21,,77611156,5065448,,,,,,,,,,,,84,1294
29-02-2020,1578.783043,2097.151736,3659,42,4,4,,77887431,4239724,,,,,,,,,,,,71,1298
01-03-2020,1619.739788,4598.96462,7185,74,37,37,,77668628,5169380,,,,,,,,,,,,86,1294
02-03-2020,1718.184956,7011.546755,10879,129,39,39,,68304563,7403949,,,,,,,,,,,,123,1138
03-03-2020,1595.633039,5187.591307,8220,91,31,31,,78710099,4622189,,,,,,,,,,,,77,1312
04-03-2020,1504.896716,2440.485239,3850,41,17,17,,80855190,2562601,,,,,,,,,,,,43,1348
05-03-2020,1494.528416,2034.046505,3315,34,10,10,,81633533,2327256,,,,,,,,,,,,39,1361
06-03-2020,1591.146225,4337.260981,6892,78,27,27,,74144741,4520346,,,,,,,,,,,,75,1236
07-03-2020,1878.709527,8249.053309,13229,164,20,20,,47010854,10737776,133000,,,,,,,,,,,181,784
08-03-2020,1359.597604,2592.517466,4546,74,,,,52891567,581031,,,,,,,,,,,,10,882
09-03-2020,1652.838262,4859.495539,7532,82,38,38,,77114439,5920670,,,,,,,,,,,,99,1285
10-03-2020,1647.19706,5847.776043,9500,112,11,11,,70239965,5792621,,,,,,,,,,,,97,1171
11-03-2020,1425.271613,4535.522752,7211,87,9,9,,84982057,755217,,,,,,,,,,,,13,1416
12-03-2020,1704.85327,6398.00078,10210,119,2,2,,77843738,7101338,,,,,,,,,,,,118,1297
13-03-2020,1541.347331,905.0789549,1751,20,,,,78796380,3389979,,,,,,,,,,,,56,1313
14-03-2020,1689.7721,4468.951782,7105,85,29,29,,79124766,6759017,,,,,,,,,,,,113,1319
15-03-2020,1562.969365,4025.251869,6341,68,4,4,,75833338,3880769,,,,,,,,,,,,65,1264
16-03-2020,1573.817635,4156.947699,6364,72,21,21,,70382616,4127012,,,,,,,,,,,,69,1173
17-03-2020,1569.436362,3223.09221,5239,64,10,10,,80664333,4027562,,,,,,,,,,,,67,1344
18-03-2020,1694.321377,6442.29945,10045,107,29,29,,75119584,6862282,,,,,,,,,,,,114,1252
19-03-2020,1675.41213,6639.867695,9855,98,69,69,,78435195,6433065,,,,,,,,,,,,107,1307
20-03-2020,1497.235836,2580.876528,4019,43,22,22,,81887374,2388709,,,,,,,,,,,,40,1365
21-03-2020,1593.995537,1288.496937,2179,43,48,27,,81399487,1369875,,1328824,,,,,,,,,,45,1357
22-03-2020,1564.162988,416.0740384,731,36,54,27,,84106746,513157,,1672216,,,,,,,,,,36,1402
23-03-2020,1572.829161,1353.964961,2123,42,49,29,,83505682,1302757,,1271213,,,,,,,,,,43,1392
24-03-2020,1565.896091,1552.096433,2503,62,85,50,,80343582,1484056,,2281816,,,,,,,,,,63,1339
25-03-2020,1474.921102,1909.573878,3120,31,1,1,,84035495,1882196,,,,,,,,,,,,31,1401
26-03-2020,1648.398927,3385.002492,5439,96,71,36,,80365099,3332858,,2281676,,,,,,,,,,94,1339
27-03-2020,1585.867212,1693.678933,2770,49,37,20,,83077676,2058046,,1141023,,,,,,,,,,53,1385
28-03-2020,1702.51514,7194.323236,11092,117,31,31,,77983513,7048267,,,,,,,,,,,,117,1300
29-03-2020,1687.250456,5017.580054,7751,107,80,59,,77732813,5400890,,1320759,,,,,,,,,,112,1296
30-03-2020,1589.545419,447.5634468,801,30,45,23,,83686891,1031751,,1380474,,,,,,,,,,40,1395
31-03-2020,1671.54159,6136.359328,9421,104,63,57,,78343237,3354876,,420736,,,,,,,,,,63,1306
01-04-2020,1539.291106,1837.630916,2965,45,27,16,,82751992,2389712,,720585,,,,,,,,,,52,1379
02-04-2020,1639.137871,5345.103058,7780,91,87,57,,79622214,4142028,,1141054,,,,,,,,,,88,1327
03-04-2020,1454.124129,523.1049905,894,18,16,8,,85009780,397094,,540504,,,,,,,,,,16,1417
04-04-2020,1660.321257,5184.645222,8297,97,2,2,,80250984,6090522,,,,,,,,,,,,102,1338
05-04-2020,1406.210192,568.4751728,1077,11,,,,83405947,322554,,,,,,,,,,,,5,1390
06-04-2020,1391.999911,98.91699362,200,1,,,,86102335,,,,,,,,,,,,,0,1435
07-04-2020,1645.105562,5462.05545,8526,98,12,12,,79989282,5745147,,,,,,,,,,,,96,1333
08-04-2020,1805.991812,6838.205132,10783,140,43,29,,77328329,7617391,,900763,,,,,,,,,,142,1289
09-04-2020,1508.43462,1728.398859,2726,50,51,30,,83438315,1578654,,1320614,,,,,,,,,,48,1391
10-04-2020,1577.191811,3186.69727,4850,67,61,43,,82046360,2666868,,1140406,,,,,,,,,,63,1367
11-04-2020,1577.5781,2508.528701,3883,58,61,41,,82718623,2421320,,1260057,,,,,,,,,,61,1379
12-04-2020,1833.987882,7990.53237,12286,149,84,62,,74565866,7869258,,1380745,,,,,,,,,,154,1243
13-04-2020,1602.213996,3605.532773,5543,76,50,33,,81654471,3278541,,1090239,,,,,,,,,,73,1361
14-04-2020,1703.947163,6032.399088,9176,104,83,71,,78404287,5990740,,840960,,,,,,,,,,114,1307
15-04-2020,1507.706421,1083.37049,1780,34,28,16,,81792198,1018228,,780956,,,,,,,,,,30,1363
16-04-2020,1479.141259,755.0779909,1322,29,18,9,,83500849,1323588,,600504,,,,,,,,,,32,1392
17-04-2020,1391.999912,65.96344817,180,,,,,85959697,,,,,,,,,,,,,0,1433
18-04-2020,1634.313925,4383.025302,6958,89,39,24,,80082154,4633412,,960493,,,,,,,,,,93,1335
19-04-2020,1460.472686,182.5539148,341,20,34,17,,84808763,241295,,1070846,,,,,,,,,,22,1413
20-04-2020,1639.340057,4514.392405,6989,79,42,33,,78325047,4398044,,600709,,,,,,,,,,83,1305
21-04-2020,1673.481787,5144.912273,8072,94,43,34,,80310426,5095729,,600218,,,,,,,,,,95,1339
22-04-2020,1752.032204,6094.574325,8970,115,96,66,,79453585,4635322,360994,1612374,,,,,,,,,,110,1324
23-04-2020,1807.932628,6689.341815,10177,133,71,48,,77695056,6455564,580035,1153663,,,,,,,,,,136,1295
24-04-2020,1633.392885,3549.943862,5629,78,39,23,,81549097,3782154,,1020327,,,,,,,,,,80,1359
25-04-2020,1677.775885,6504.852777,10131,121,72,62,,77113654,5899791,,617563,,,,,,,,,,109,1285
26-04-2020,1547.270452,2524.559438,3980,56,34,23,,82745857,2765635,,720407,,,,,,,,,,58,1379
27-04-2020,1536.968338,562.8014538,1012,37,50,25,,83990656,370458,,1573001,,,,,,,,,,32,1400
28-04-2020,1396.61154,269.2110598,613,5,,,,85627052,104677,,,,,,,,,,,,2,1427
29-04-2020,1401.020142,288.5732405,632,6,,,,85819017,204747,,,,,,,,,,,,3,1430
30-04-2020,1401.261687,151.5099285,331,3,,,,86096524,210229,,,,,,,,,,,,4,1435
01-05-2020,1592.425355,3531.712125,5504,73,54,38,,79131017,3203787,,1025736,,,,,,,,,,70,1319
02-05-2020,1595.581474,3836.299982,5274,59,79,50,,82520194,2504962,,900455,,,,,,,,,,57,1375
03-05-2020,1550.155988,5039.607843,6694,63,95,55,,82207218,2417551,,720286,,,,,,,,,,52,1370
04-05-2020,1698.090679,6289.05672,8901,97,102,57,,79810961,4660941,335510,1200358,,,,,,,,,,103,1330
05-05-2020,1616.698789,8169.921001,10555,94,149,78,,79200334,3196454,,1020613,,,,,,,,,,70,1320
06-05-2020,1771.931858,6042.452869,9329,114,86,67,,77672232,6551713,,1200488,,,,,,,,,,129,1295
07-05-2020,1689.978578,7635.320638,11012,122,83,51,,76899758,5825929,,840667,,,,,,,,,,111,1282
08-05-2020,1989.82647,8314.186575,14018,183,74,57,,51010525,12163250,,1080476,,,,,,,,,,221,850
09-05-2020,1747.075923,6928.076855,10761,112,64,61,,73036280,7295629,221019,240559,,,,,,,,,,129,1217
10-05-2020,1446.79969,1016.473252,1824,18,2,2,,84952029,1243878,,,,,,,,,,,,21,1416
11-05-2020,1457.771234,1647.586994,2757,30,6,6,,83020656,1492919,,,,,,,,,,,,25,1384
12-05-2020,1459.259823,1237.238824,2140,28,1,1,,84150810,1526706,,,,,,,,,,,,25,1403
13-05-2020,1575.585656,3479.06102,5607,71,28,17,,80966897,3299692,,720662,,,,,,,,,,67,1349
14-05-2020,1681.051681,4881.250354,7696,111,61,34,,79586690,4957105,,1740982,,,,,,,,,,112,1326
15-05-2020,1677.735865,4441.701449,6962,90,64,44,,68182309,4525407,,1260526,,,,,,,,,,96,1136
16-05-2020,1549.927264,3576.55472,5763,76,35,22,,82415672,2684443,,840541,,,,,,,,,,59,1374
17-05-2020,1697.678826,4373.561166,6771,92,73,50,,78764862,4038458,,1440498,,,,,,,,,,91,1313
18-05-2020,1799.246087,6718.733938,10412,141,108,76,,75883571,6641940,,1980491,,,,,,,,,,144,1265
19-05-2020,1645.05636,3959.231695,6290,83,45,29,,80243509,4238456,,1020655,,,,,,,,,,88,1337
20-05-2020,1614.888557,2893.782643,4710,82,66,36,,80747191,2446475,,1920939,,,,,,,,,,73,1346
21-05-2020,1656.064684,4006.743655,6405,89,40,25,,79286852,4640601,,960610,,,,,,,,,,93,1321
22-05-2020,1608.061655,3325.583585,5431,82,41,22,,77177492,3834803,,1200550,,,,,,,,,,84,1286
23-05-2020,1699.908181,3751.831093,5925,96,73,42,,79066735,4016209,,1981033,,,,,,,,,,100,1318
24-05-2020,1583.923123,2013.140865,3225,66,76,43,,82372347,1607268,,2100995,,,,,,,,,,62,1373
25-05-2020,1710.619149,6252.356317,9604,109,81,68,,79293846,6112728,,840775,,,,,,,,,,116,1322
26-05-2020,1675.654809,3380.507826,5316,87,88,55,,80679620,3126585,,2057454,,,,,,,,,,86,1345
27-05-2020,1533.148788,162.100703,359,30,56,28,,83906070,178027,,1738766,,,,,,,,,,32,1398
28-05-2020,1488.894685,3719.651613,5846,81,54,36,,83973736,295034,,1140503,,,,,,,,,,24,1400
29-05-2020,1494.40192,1101.976009,1802,28,26,15,,83086573,951177,,720491,,,,,,,,,,28,1385
30-05-2020,1658.628238,4498.627953,6953,85,33,24,,79772992,4960788,,600672,,,,,,,,,,93,1330
31-05-2020,1648.891223,4136.352778,6400,85,38,22,,81363838,4033507,,960716,,,,,,,,,,83,1356
01-06-2020,1739.187695,6206.687765,9613,126,58,34,,78549569,5895098,,1459995,,,,,,,,,,123,1309
02-06-2020,1641.59643,3638.579122,5356,72,66,40,,81768191,3286230,,1200595,,,,,,,,,,75,1363
03-06-2020,1680.126058,5847.54893,8259,98,106,67,,80169874,4574044,62010,1380793,,,,,,,,,,100,1336
04-06-2020,1699.247843,4356.727269,6474,101,100,66,,80024880,3879085,,2100622,,,,,,,,,,100,1334
05-06-2020,1615.306965,2725.519073,4350,68,27,15,,79305520,4002560,,780739,,,,,,,,,,80,1322
06-06-2020,1500.787613,2234.939574,3481,40,6,6,,84022270,2330974,,,,,,,,,,,,39,1400
07-06-2020,1661.345775,3638.303184,5657,86,63,38,,79426217,4363545,,1573848,,,,,,,,,,99,1324
08-06-2020,1500.404282,1593.612264,2503,39,29,16,,82682872,1598842,,840649,,,,,,,,,,41,1378
09-06-2020,1572.902353,2728.338636,4254,62,28,14,,82119547,2578484,,884348,,,,,,,,,,58,1369
10-06-2020,1467.537645,413.958415,697,15,16,8,,84361664,921114,,570222,,,,,,,,,,25,1406
11-06-2020,1543.132977,3055.220561,4450,56,59,39,,81947367,2501045,,840236,,,,,,,,,,56,1366
12-06-2020,1412.913846,422.0479957,703,8,1,1,,85256088,357412,,,,,,,,,,,,6,1421
13-06-2020,1642.040485,3560.936702,5549,87,53,27,,80235266,3262636,,1621089,,,,,,,,,,81,1337
14-06-2020,1715.061094,3534.733384,5468,92,72,41,,80309680,3645948,,1978494,,,,,,,,,,94,1338
15-06-2020,1577.940493,2766.928248,4394,75,50,28,,82275984,2527741,,1461574,,,,,,,,,,66,1371
16-06-2020,1511.324184,1406.793954,2204,45,50,28,,83366644,1331491,,1389268,,,,,,,,,,45,1389
17-06-2020,1458.293832,97.11900711,161,21,42,21,,84870021,162541,,1320444,,,,,,,,,,25,1415
18-06-2020,1616.987385,5241.589277,7530,80,73,53,,80880332,4036614,,720492,,,,,,,,,,79,1348
19-06-2020,1549.602866,1457.813693,2398,46,30,15,,82200358,1832893,,960428,,,,,,,,,,47,1370
20-06-2020,1641.349026,5368.28404,8341,93,5,5,,80874742,5487851,,,,,,,,,,,,91,1348
21-06-2020,1787.207136,6800.966081,10190,130,83,50,,76574874,6758341,,1395966,,,,,,,,,,136,1276
22-06-2020,1674.044525,3410.047471,5212,81,72,45,,81177667,3448141,,1725971,,,,,,,,,,86,1353
23-06-2020,1723.163101,3563.489788,5470,96,84,49,,80464060,3524398,,2130250,,,,,,,,,,94,1341
24-06-2020,1780.325387,5797.484128,8419,115,118,77,,78269775,5195755,,1990505,,,,,,,,,,120,1304
25-06-2020,1568.466854,3569.543981,5306,78,75,46,,81350529,2039397,,1560245,,,,,,,,,,60,1356
26-06-2020,1473.662399,858.3228149,1377,27,27,14,,83464055,966478,,841210,,,,,,,,,,30,1391
27-06-2020,1667.840072,688.494648,6418,82,85,70,,80425850,4037916,,1015359,,,,,,,,,,84,1340
28-06-2020,1544.265323,1970.428018,2919,67,47,44,,82734850,1433436,,,,,,,,,2100000,,,59,1379
29-06-2020,1560.812024,2254.914502,3441,66,50,50,,82406316,2072774,,,,,,,,,1800000,,,65,1373
30-06-2020,1651.305997,3576.26624,5534,91,70,39,,80368274,3331952,,1921570,,,,,,,,,,88,1339
